emoji,words,category
ã€°,wavy dash | dash | punctuation | wavy,punctuation
â€¼,double exclamation mark | bangbang | double | exclamation,punctuation
â‰,exclamation question mark | exclamation | interrobang | mark,punctuation
*âƒ£,asterisk,keycap
ã€½,part alternation mark | alternation | mark | part,symbols
Â©,copyright,symbols
Â®,registered,symbols
â†”,left-right arrow | arrow | left-right,arrow
â†•,up-down arrow | arrow | up-down,arrow
â†–,up-left arrow | arrow | direction | intercardinal,arrow
â†—,up-right arrow | arrow | direction | intercardinal,arrow
â†˜,down-right arrow | arrow | direction | down-right,arrow
â†™,down-left arrow | arrow | direction | down-left,arrow
â†©,right arrow curving left | arrow | curving | left,arrow
â†ª,left arrow curving right | arrow | curving | left,arrow
âŒš,watch | clock | time,time
âŒ›,hourglass done | done | hourglass | sand,time
âŒ¨,keyboard | computer,computer
â,eject button | eject,av symbol
â©,fast-forward button | arrow | double | fast,av symbol
âª,fast reverse button | arrow | double | fast,av symbol
â«,fast up button | arrow | double | fast,av symbol
â¬,fast down button | arrow | double | down,av symbol
â­,next track button | arrow | next | scene,av symbol
â®,last track button | arrow | last | previous,av symbol
â¯,play or pause button | arrow | pause | play,av symbol
â°,alarm clock | alarm | clock | hours,time
â±,stopwatch | clock | time,time
â²,timer clock | clock | timer,time
â³,hourglass not done | done | flowing | hourglass,time
â¸,pause button | bar | double | pause,av symbol
â¹,stop button | square | stop,av symbol
âº,record button | circle | record,av symbol
â–ª,black small square | black | geometric | small,geometric
â–«,white small square | geometric | small | square,geometric
â–¶,play button | arrow | play | right,av symbol
â—€,reverse button | arrow | left | reverse,av symbol
â—»,white medium square | geometric | medium | square,geometric
â—¼,black medium square | black | geometric | medium,geometric
â—½,white medium-small square | geometric | medium-small | square,geometric
â—¾,black medium-small square | black | geometric | medium-small,geometric
â˜€,sun | bright | rays | space,sky and weather
â˜,cloud | weather,sky and weather
â˜‚,umbrella | clothing | rain,sky and weather
â˜ƒ,snowman | cold | man | snow,sky and weather
â˜„,comet | space,sky and weather
â˜,telephone | phone,phone
â˜‘,check box with check | ballot | box | check,symbols
â˜”,umbrella with rain drops | clothing | drop | drops,sky and weather
â˜•,hot beverage | beverage | cafe | caffeine,drink
â˜˜,shamrock | irish | plant,plant other
â˜,index pointing up | finger | hand | index,hand single finger
â˜ ,skull and crossbones | bone | crossbones | dead,face negative
â˜¢,radioactive | sign,warning
â˜£,biohazard | sign,warning
â˜¦,orthodox cross | christian | cross | orthodox,religion
â˜ª,star and crescent | crescent | islam | muslim,religion
â˜®,peace symbol | healing | peace | peaceful,religion
â˜¯,yin yang | difficult | lives | religion,religion
â˜¸,wheel of dharma | buddhist | dharma | religion,religion
â˜¹,frowning | face | frown | sad,face concerned
â˜º,smiling | face | happy | outlined,face affection
â™€,female sign | female | sign | woman,gender
â™‚,male sign | male | man | sign,gender
â™ˆ,aries | horoscope | ram | zodiac,zodiac
â™‰,taurus | bull | horoscope | ox,zodiac
â™Š,gemini | horoscope | twins | zodiac,zodiac
â™‹,cancer | crab | horoscope | zodiac,zodiac
â™Œ,leo | horoscope | lion | zodiac,zodiac
â™,virgo | horoscope | zodiac,zodiac
â™,libra | balance | horoscope | justice,zodiac
â™,scorpio | horoscope | scorpion | scorpius,zodiac
â™,sagittarius | archer | horoscope | zodiac,zodiac
â™‘,capricorn | goat | horoscope | zodiac,zodiac
â™’,aquarius | bearer | horoscope | water,zodiac
â™“,pisces | fish | horoscope | zodiac,zodiac
â™Ÿ,chess pawn | chess | dupe | expendable,game
â™ ,spade suit | card | game | spade,game
â™£,club suit | card | club | clubs,game
â™¥,heart suit | card | emotion | game,game
â™¦,diamond suit | card | diamond | game,game
â™¨,hot springs | hot | hotsprings | springs,place other
â™»,recycling symbol | recycle | recycling,symbols
â™¾,infinity | forever | unbounded | universal,math
â™¿,wheelchair symbol | access | handicap | wheelchair,transport sign
âš’,hammer and pick | hammer | pick | tool,tool
âš“,anchor | ship | tool,transport water
âš”,crossed swords | crossed | swords | weapon,tool
âš•,medical symbol | aesculapius | medical | medicine,symbols
âš–,balance scale | balance | justice | libra,tool
âš—,alembic | chemistry | tool,science
âš™,gear | cog | cogwheel | tool,tool
âš›,atom symbol | atheist | atom,religion
âšœ,fleur-de-lis | knights,symbols
âš ,warning | caution,warning
âš¡,high voltage | danger | electric | electricity,sky and weather
âš§,transgender symbol | transgender,gender
âšª,white circle | circle | geometric | white,geometric
âš«,black circle | black | circle | geometric,geometric
âš°,coffin | dead | death | vampire,objects
âš±,funeral urn | ashes | death | funeral,objects
âš½,soccer ball | ball | football | futbol,sport
âš¾,baseball | ball | sport,sport
â›„,snowman without snow | cold | man | snow,sky and weather
â›…,sun behind cloud | behind | cloud | cloudy,sky and weather
â›ˆ,cloud with lightning and rain | cloud | lightning | rain,sky and weather
â›,ophiuchus | bearer | serpent | snake,zodiac
â›,pick | hammer | mining | tool,tool
â›‘,aid | cross | face | hat,clothing
â›“,chains | chain,tool
â›“â€ğŸ’¥,broken chain | break | breaking | broken,tool
â›”,no entry | do | entry | fail,warning
â›©,shinto shrine | religion | shinto | shrine,place religious
â›ª,church | bless | chapel | christian,place religious
â›°,mountain,place geographic
â›±,umbrella on ground | ground | rain | sun,sky and weather
â›²,fountain,place other
â›³,flag in hole | golf | hole | sport,sport
â›´,ferry | boat | passenger,transport water
â›µ,sailboat | boat | resort | sailing,transport water
â›·,skier | ski | snow,person sport
â›¸,ice skate | ice | skate | skating,sport
â›¹,person bouncing ball | athletic | ball | basketball,person sport
â›¹â€â™€,woman bouncing ball | athletic | ball | basketball,person sport
â›¹â€â™‚,man bouncing ball | athletic | ball | basketball,person sport
â›º,tent | camping,place other
â›½,fuel pump | diesel | fuel | fuelpump,transport ground
ğŸ‡¦ğŸ‡¨,ascension island,country flag
ğŸ‡¦ğŸ‡©,andorra,country flag
ğŸ‡¦ğŸ‡ª,united arab emirates,country flag
ğŸ‡¦ğŸ‡«,afghanistan,country flag
ğŸ‡¦ğŸ‡¬,antigua & barbuda,country flag
ğŸ‡¦ğŸ‡®,anguilla,country flag
ğŸ‡¦ğŸ‡±,albania,country flag
ğŸ‡¦ğŸ‡²,armenia,country flag
ğŸ‡¦ğŸ‡´,angola,country flag
ğŸ‡¦ğŸ‡¶,antarctica,country flag
ğŸ‡¦ğŸ‡·,argentina,country flag
ğŸ‡¦ğŸ‡¸,american samoa,country flag
ğŸ‡¦ğŸ‡¹,austria,country flag
ğŸ‡¦ğŸ‡º,australia,country flag
ğŸ‡¦ğŸ‡¼,aruba,country flag
ğŸ‡¦ğŸ‡½,Ã¥land islands,country flag
ğŸ‡¦ğŸ‡¿,azerbaijan,country flag
ğŸ‡§ğŸ‡¦,bosnia & herzegovina,country flag
ğŸ‡§ğŸ‡§,barbados,country flag
ğŸ‡§ğŸ‡©,bangladesh,country flag
ğŸ‡§ğŸ‡ª,belgium,country flag
ğŸ‡§ğŸ‡«,burkina faso,country flag
ğŸ‡§ğŸ‡¬,bulgaria,country flag
ğŸ‡§ğŸ‡­,bahrain,country flag
ğŸ‡§ğŸ‡®,burundi,country flag
ğŸ‡§ğŸ‡¯,benin,country flag
ğŸ‡§ğŸ‡±,st. barthÃ©lemy,country flag
ğŸ‡§ğŸ‡²,bermuda,country flag
ğŸ‡§ğŸ‡³,brunei,country flag
ğŸ‡§ğŸ‡´,bolivia,country flag
ğŸ‡§ğŸ‡¶,caribbean netherlands,country flag
ğŸ‡§ğŸ‡·,brazil,country flag
ğŸ‡§ğŸ‡¸,bahamas,country flag
ğŸ‡§ğŸ‡¹,bhutan,country flag
ğŸ‡§ğŸ‡»,bouvet island,country flag
ğŸ‡§ğŸ‡¼,botswana,country flag
ğŸ‡§ğŸ‡¾,belarus,country flag
ğŸ‡§ğŸ‡¿,belize,country flag
ğŸ‡¨ğŸ‡¦,canada,country flag
ğŸ‡¨ğŸ‡¨,cocos (keeling) islands,country flag
ğŸ‡¨ğŸ‡©,congo - kinshasa,country flag
ğŸ‡¨ğŸ‡«,central african republic,country flag
ğŸ‡¨ğŸ‡¬,congo - brazzaville,country flag
ğŸ‡¨ğŸ‡­,switzerland,country flag
ğŸ‡¨ğŸ‡®,cÃ´te dâ€™ivoire,country flag
ğŸ‡¨ğŸ‡°,cook islands,country flag
ğŸ‡¨ğŸ‡±,chile,country flag
ğŸ‡¨ğŸ‡²,cameroon,country flag
ğŸ‡¨ğŸ‡³,china,country flag
ğŸ‡¨ğŸ‡´,colombia,country flag
ğŸ‡¨ğŸ‡µ,clipperton island,country flag
ğŸ‡¨ğŸ‡¶,sark,country flag
ğŸ‡¨ğŸ‡·,costa rica,country flag
ğŸ‡¨ğŸ‡º,cuba,country flag
ğŸ‡¨ğŸ‡»,cape verde,country flag
ğŸ‡¨ğŸ‡¼,curaÃ§ao,country flag
ğŸ‡¨ğŸ‡½,christmas island,country flag
ğŸ‡¨ğŸ‡¾,cyprus,country flag
ğŸ‡¨ğŸ‡¿,czechia,country flag
ğŸ‡©ğŸ‡ª,germany,country flag
ğŸ‡©ğŸ‡¬,diego garcia,country flag
ğŸ‡©ğŸ‡¯,djibouti,country flag
ğŸ‡©ğŸ‡°,denmark,country flag
ğŸ‡©ğŸ‡²,dominica,country flag
ğŸ‡©ğŸ‡´,dominican republic,country flag
ğŸ‡©ğŸ‡¿,algeria,country flag
ğŸ‡ªğŸ‡¦,ceuta & melilla,country flag
ğŸ‡ªğŸ‡¨,ecuador,country flag
ğŸ‡ªğŸ‡ª,estonia,country flag
ğŸ‡ªğŸ‡¬,egypt,country flag
ğŸ‡ªğŸ‡­,western sahara,country flag
ğŸ‡ªğŸ‡·,eritrea,country flag
ğŸ‡ªğŸ‡¸,spain,country flag
ğŸ‡ªğŸ‡¹,ethiopia,country flag
ğŸ‡ªğŸ‡º,european union,country flag
ğŸ‡«ğŸ‡®,finland,country flag
ğŸ‡«ğŸ‡¯,fiji,country flag
ğŸ‡«ğŸ‡°,falkland islands,country flag
ğŸ‡«ğŸ‡²,micronesia,country flag
ğŸ‡«ğŸ‡´,faroe islands,country flag
ğŸ‡«ğŸ‡·,france,country flag
ğŸ‡¬ğŸ‡¦,gabon,country flag
ğŸ‡¬ğŸ‡§,united kingdom,country flag
ğŸ‡¬ğŸ‡©,grenada,country flag
ğŸ‡¬ğŸ‡ª,georgia,country flag
ğŸ‡¬ğŸ‡«,french guiana,country flag
ğŸ‡¬ğŸ‡¬,guernsey,country flag
ğŸ‡¬ğŸ‡­,ghana,country flag
ğŸ‡¬ğŸ‡®,gibraltar,country flag
ğŸ‡¬ğŸ‡±,greenland,country flag
ğŸ‡¬ğŸ‡²,gambia,country flag
ğŸ‡¬ğŸ‡³,guinea,country flag
ğŸ‡¬ğŸ‡µ,guadeloupe,country flag
ğŸ‡¬ğŸ‡¶,equatorial guinea,country flag
ğŸ‡¬ğŸ‡·,greece,country flag
ğŸ‡¬ğŸ‡¸,south georgia & south sandwich islands,country flag
ğŸ‡¬ğŸ‡¹,guatemala,country flag
ğŸ‡¬ğŸ‡º,guam,country flag
ğŸ‡¬ğŸ‡¼,guinea-bissau,country flag
ğŸ‡¬ğŸ‡¾,guyana,country flag
ğŸ‡­ğŸ‡°,hong kong sar china,country flag
ğŸ‡­ğŸ‡²,heard & mcdonald islands,country flag
ğŸ‡­ğŸ‡³,honduras,country flag
ğŸ‡­ğŸ‡·,croatia,country flag
ğŸ‡­ğŸ‡¹,haiti,country flag
ğŸ‡­ğŸ‡º,hungary,country flag
ğŸ‡®ğŸ‡¨,canary islands,country flag
ğŸ‡®ğŸ‡©,indonesia,country flag
ğŸ‡®ğŸ‡ª,ireland,country flag
ğŸ‡®ğŸ‡±,israel,country flag
ğŸ‡®ğŸ‡²,isle of man,country flag
ğŸ‡®ğŸ‡³,india,country flag
ğŸ‡®ğŸ‡´,british indian ocean territory,country flag
ğŸ‡®ğŸ‡¶,iraq,country flag
ğŸ‡®ğŸ‡·,iran,country flag
ğŸ‡®ğŸ‡¸,iceland,country flag
ğŸ‡®ğŸ‡¹,italy,country flag
ğŸ‡¯ğŸ‡ª,jersey,country flag
ğŸ‡¯ğŸ‡²,jamaica,country flag
ğŸ‡¯ğŸ‡´,jordan,country flag
ğŸ‡¯ğŸ‡µ,japan,country flag
ğŸ‡°ğŸ‡ª,kenya,country flag
ğŸ‡°ğŸ‡¬,kyrgyzstan,country flag
ğŸ‡°ğŸ‡­,cambodia,country flag
ğŸ‡°ğŸ‡®,kiribati,country flag
ğŸ‡°ğŸ‡²,comoros,country flag
ğŸ‡°ğŸ‡³,st. kitts & nevis,country flag
ğŸ‡°ğŸ‡µ,north korea,country flag
ğŸ‡°ğŸ‡·,south korea,country flag
ğŸ‡°ğŸ‡¼,kuwait,country flag
ğŸ‡°ğŸ‡¾,cayman islands,country flag
ğŸ‡°ğŸ‡¿,kazakhstan,country flag
ğŸ‡±ğŸ‡¦,laos,country flag
ğŸ‡±ğŸ‡§,lebanon,country flag
ğŸ‡±ğŸ‡¨,st. lucia,country flag
ğŸ‡±ğŸ‡®,liechtenstein,country flag
ğŸ‡±ğŸ‡°,sri lanka,country flag
ğŸ‡±ğŸ‡·,liberia,country flag
ğŸ‡±ğŸ‡¸,lesotho,country flag
ğŸ‡±ğŸ‡¹,lithuania,country flag
ğŸ‡±ğŸ‡º,luxembourg,country flag
ğŸ‡±ğŸ‡»,latvia,country flag
ğŸ‡±ğŸ‡¾,libya,country flag
ğŸ‡²ğŸ‡¦,morocco,country flag
ğŸ‡²ğŸ‡¨,monaco,country flag
ğŸ‡²ğŸ‡©,moldova,country flag
ğŸ‡²ğŸ‡ª,montenegro,country flag
ğŸ‡²ğŸ‡«,st. martin,country flag
ğŸ‡²ğŸ‡¬,madagascar,country flag
ğŸ‡²ğŸ‡­,marshall islands,country flag
ğŸ‡²ğŸ‡°,north macedonia,country flag
ğŸ‡²ğŸ‡±,mali,country flag
ğŸ‡²ğŸ‡²,myanmar (burma),country flag
ğŸ‡²ğŸ‡³,mongolia,country flag
ğŸ‡²ğŸ‡´,macao sar china,country flag
ğŸ‡²ğŸ‡µ,northern mariana islands,country flag
ğŸ‡²ğŸ‡¶,martinique,country flag
ğŸ‡²ğŸ‡·,mauritania,country flag
ğŸ‡²ğŸ‡¸,montserrat,country flag
ğŸ‡²ğŸ‡¹,malta,country flag
ğŸ‡²ğŸ‡º,mauritius,country flag
ğŸ‡²ğŸ‡»,maldives,country flag
ğŸ‡²ğŸ‡¼,malawi,country flag
ğŸ‡²ğŸ‡½,mexico,country flag
ğŸ‡²ğŸ‡¾,malaysia,country flag
ğŸ‡²ğŸ‡¿,mozambique,country flag
ğŸ‡³ğŸ‡¦,namibia,country flag
ğŸ‡³ğŸ‡¨,new caledonia,country flag
ğŸ‡³ğŸ‡ª,niger,country flag
ğŸ‡³ğŸ‡«,norfolk island,country flag
ğŸ‡³ğŸ‡¬,nigeria,country flag
ğŸ‡³ğŸ‡®,nicaragua,country flag
ğŸ‡³ğŸ‡±,netherlands,country flag
ğŸ‡³ğŸ‡´,norway,country flag
ğŸ‡³ğŸ‡µ,nepal,country flag
ğŸ‡³ğŸ‡·,nauru,country flag
ğŸ‡³ğŸ‡º,niue,country flag
ğŸ‡³ğŸ‡¿,new zealand,country flag
ğŸ‡´ğŸ‡²,oman,country flag
ğŸ‡µğŸ‡¦,panama,country flag
ğŸ‡µğŸ‡ª,peru,country flag
ğŸ‡µğŸ‡«,french polynesia,country flag
ğŸ‡µğŸ‡¬,papua new guinea,country flag
ğŸ‡µğŸ‡­,philippines,country flag
ğŸ‡µğŸ‡°,pakistan,country flag
ğŸ‡µğŸ‡±,poland,country flag
ğŸ‡µğŸ‡²,st. pierre & miquelon,country flag
ğŸ‡µğŸ‡³,pitcairn islands,country flag
ğŸ‡µğŸ‡·,puerto rico,country flag
ğŸ‡µğŸ‡¸,palestinian territories,country flag
ğŸ‡µğŸ‡¹,portugal,country flag
ğŸ‡µğŸ‡¼,palau,country flag
ğŸ‡µğŸ‡¾,paraguay,country flag
ğŸ‡¶ğŸ‡¦,qatar,country flag
ğŸ‡·ğŸ‡ª,rÃ©union,country flag
ğŸ‡·ğŸ‡´,romania,country flag
ğŸ‡·ğŸ‡¸,serbia,country flag
ğŸ‡·ğŸ‡º,russia,country flag
ğŸ‡·ğŸ‡¼,rwanda,country flag
ğŸ‡¸ğŸ‡¦,saudi arabia,country flag
ğŸ‡¸ğŸ‡§,solomon islands,country flag
ğŸ‡¸ğŸ‡¨,seychelles,country flag
ğŸ‡¸ğŸ‡©,sudan,country flag
ğŸ‡¸ğŸ‡ª,sweden,country flag
ğŸ‡¸ğŸ‡¬,singapore,country flag
ğŸ‡¸ğŸ‡­,st. helena,country flag
ğŸ‡¸ğŸ‡®,slovenia,country flag
ğŸ‡¸ğŸ‡¯,svalbard & jan mayen,country flag
ğŸ‡¸ğŸ‡°,slovakia,country flag
ğŸ‡¸ğŸ‡±,sierra leone,country flag
ğŸ‡¸ğŸ‡²,san marino,country flag
ğŸ‡¸ğŸ‡³,senegal,country flag
ğŸ‡¸ğŸ‡´,somalia,country flag
ğŸ‡¸ğŸ‡·,suriname,country flag
ğŸ‡¸ğŸ‡¸,south sudan,country flag
ğŸ‡¸ğŸ‡¹,sÃ£o tomÃ© & prÃ­ncipe,country flag
ğŸ‡¸ğŸ‡»,el salvador,country flag
ğŸ‡¸ğŸ‡½,sint maarten,country flag
ğŸ‡¸ğŸ‡¾,syria,country flag
ğŸ‡¸ğŸ‡¿,eswatini,country flag
ğŸ‡¹ğŸ‡¦,tristan da cunha,country flag
ğŸ‡¹ğŸ‡¨,turks & caicos islands,country flag
ğŸ‡¹ğŸ‡©,chad,country flag
ğŸ‡¹ğŸ‡«,french southern territories,country flag
ğŸ‡¹ğŸ‡¬,togo,country flag
ğŸ‡¹ğŸ‡­,thailand,country flag
ğŸ‡¹ğŸ‡¯,tajikistan,country flag
ğŸ‡¹ğŸ‡°,tokelau,country flag
ğŸ‡¹ğŸ‡±,timor-leste,country flag
ğŸ‡¹ğŸ‡²,turkmenistan,country flag
ğŸ‡¹ğŸ‡³,tunisia,country flag
ğŸ‡¹ğŸ‡´,tonga,country flag
ğŸ‡¹ğŸ‡·,tÃ¼rkiye,country flag
ğŸ‡¹ğŸ‡¹,trinidad & tobago,country flag
ğŸ‡¹ğŸ‡»,tuvalu,country flag
ğŸ‡¹ğŸ‡¼,taiwan,country flag
ğŸ‡¹ğŸ‡¿,tanzania,country flag
ğŸ‡ºğŸ‡¦,ukraine,country flag
ğŸ‡ºğŸ‡¬,uganda,country flag
ğŸ‡ºğŸ‡²,u.s. outlying islands,country flag
ğŸ‡ºğŸ‡³,united nations,country flag
ğŸ‡ºğŸ‡¸,united states,country flag
ğŸ‡ºğŸ‡¾,uruguay,country flag
ğŸ‡ºğŸ‡¿,uzbekistan,country flag
ğŸ‡»ğŸ‡¦,vatican city,country flag
ğŸ‡»ğŸ‡¨,st. vincent & grenadines,country flag
ğŸ‡»ğŸ‡ª,venezuela,country flag
ğŸ‡»ğŸ‡¬,british virgin islands,country flag
ğŸ‡»ğŸ‡®,u.s. virgin islands,country flag
ğŸ‡»ğŸ‡³,vietnam,country flag
ğŸ‡»ğŸ‡º,vanuatu,country flag
ğŸ‡¼ğŸ‡«,wallis & futuna,country flag
ğŸ‡¼ğŸ‡¸,samoa,country flag
ğŸ‡½ğŸ‡°,kosovo,country flag
ğŸ‡¾ğŸ‡ª,yemen,country flag
ğŸ‡¾ğŸ‡¹,mayotte,country flag
ğŸ‡¿ğŸ‡¦,south africa,country flag
ğŸ‡¿ğŸ‡²,zambia,country flag
ğŸ‡¿ğŸ‡¼,zimbabwe,country flag
âœ‚,scissors | cut | cutting | paper,office
âœ…,check mark button | check | checked | checkmark,symbols
âœˆ,airplane | aeroplane | fly | flying,transport air
âœ‰,envelope | e-mail | email | letter,mail
âœŠ,raised fist | clenched | fist | hand,hand fingers closed
âœ‹,raised hand | five | hand | high,hand fingers open
âœŒ,victory hand | hand | peace | victory,hand fingers partial
âœ,writing hand | hand | write | writing,hand prop
âœ,pencil,writing
âœ’,black nib | black | nib | pen,writing
âœ”,check mark | check | checked | checkmark,symbols
âœ–,multiply | cancel | multiplication | sign,math
âœ,latin cross | christ | christian | cross,religion
âœ¡,star of david | david | jew | jewish,religion
âœ¨,sparkles | asterisk | magic | sparkle,event
âœ³,eight-spoked asterisk | asterisk | eight-spoked,symbols
âœ´,eight-pointed star | asterisk | eight-pointed | star,symbols
â„,snowflake | cold | snow | weather,sky and weather
â‡,sparkle | asterisk,symbols
âŒ,cross mark | cancel | cross | mark,symbols
â,cross mark button | cross | mark | multiplication,symbols
â“,red question mark | mark | punctuation | question,punctuation
â”,white question mark | mark | outlined | punctuation,punctuation
â•,white exclamation mark | exclamation | mark | outlined,punctuation
â—,red exclamation mark | exclamation | mark | punctuation,punctuation
â£,heart exclamation | exclamation | heart | heavy,heart
â¤,red heart | emotion | heart | love,heart
â¤â€ğŸ”¥,heart on fire | burn | fire | heart,heart
â¤â€ğŸ©¹,mending heart | healthier | heart | improving,heart
â•,plus,math
â–,minus | heavy | math | sign,math
â—,divide | division | heavy | math,math
â¡,right arrow | arrow | cardinal | direction,arrow
â°,curly loop | curl | curly | loop,symbols
â¿,double curly loop | curl | curly | double,symbols
â¤´,right arrow curving up | arrow | curving | right,arrow
â¤µ,right arrow curving down | arrow | curving | down,arrow
â¬…,left arrow | arrow | cardinal | direction,arrow
â¬†,up arrow | arrow | cardinal | direction,arrow
â¬‡,down arrow | arrow | cardinal | direction,arrow
â¬›,black large square | black | geometric | large,geometric
â¬œ,white large square | geometric | large | square,geometric
â­,star | astronomy | medium | stars,sky and weather
â­•,hollow red circle | circle | heavy | hollow,symbols
ğŸ€„,mahjong red dragon | dragon | game | mahjong,game
ğŸƒ,joker | card | game | wildcard,game
ğŸŒ€,cyclone | dizzy | hurricane | twister,sky and weather
ğŸŒ,foggy | fog,place other
ğŸŒ‚,closed umbrella | closed | clothing | rain,sky and weather
ğŸŒƒ,night with stars | night | star | stars,place other
ğŸŒ„,sunrise over mountains | morning | mountains | over,place other
ğŸŒ…,sunrise | morning | nature | sun,place other
ğŸŒ†,cityscape at dusk | at | building | city,place other
ğŸŒ‡,sunset | building | dusk | sun,place other
ğŸŒˆ,rainbow | gay | genderqueer | glbt,sky and weather
ğŸŒ‰,bridge at night | at | bridge | night,place other
ğŸŒŠ,water wave | nature | ocean | surf,sky and weather
ğŸŒ‹,volcano | eruption | mountain | nature,place geographic
ğŸŒŒ,milky way | milky | space | way,sky and weather
ğŸŒ,globe showing europe-africa | africa | earth | europe,place map
ğŸŒ,globe showing americas | americas | earth | globe,place map
ğŸŒ,globe showing asia-australia | asia | asia-australia | australia,place map
ğŸŒ,globe with meridians | earth | globe | internet,place map
ğŸŒ‘,new moon | dark | moon | new,sky and weather
ğŸŒ’,waxing crescent moon | crescent | dreams | moon,sky and weather
ğŸŒ“,first quarter moon | first | moon | quarter,sky and weather
ğŸŒ”,waxing gibbous moon | gibbous | moon | space,sky and weather
ğŸŒ•,full moon | full | moon | space,sky and weather
ğŸŒ–,waning gibbous moon | gibbous | moon | space,sky and weather
ğŸŒ—,last quarter moon | last | moon | quarter,sky and weather
ğŸŒ˜,waning crescent moon | crescent | moon | space,sky and weather
ğŸŒ™,crescent moon | crescent | moon | ramadan,sky and weather
ğŸŒš,new moon face | face | moon | new,sky and weather
ğŸŒ›,first quarter moon face | face | first | moon,sky and weather
ğŸŒœ,last quarter moon face | dreams | face | last,sky and weather
ğŸŒ,full moon face | bright | face | full,sky and weather
ğŸŒ,sun with face | beach | bright | day,sky and weather
ğŸŒŸ,glowing star | glittery | glow | glowing,sky and weather
ğŸŒ ,shooting star | falling | night | shooting,sky and weather
ğŸŒ¡,thermometer | weather,sky and weather
ğŸŒ¤,sun behind small cloud | behind | cloud | sun,sky and weather
ğŸŒ¥,sun behind large cloud | behind | cloud | sun,sky and weather
ğŸŒ¦,sun behind rain cloud | behind | cloud | rain,sky and weather
ğŸŒ§,cloud with rain | cloud | rain | weather,sky and weather
ğŸŒ¨,cloud with snow | cloud | cold | snow,sky and weather
ğŸŒ©,cloud with lightning | cloud | lightning | weather,sky and weather
ğŸŒª,tornado | cloud | weather | whirlwind,sky and weather
ğŸŒ«,fog | cloud | weather,sky and weather
ğŸŒ¬,wind face | blow | cloud | face,sky and weather
ğŸŒ­,hot dog | dog | frankfurter | hot,food prepared
ğŸŒ®,taco | mexican,food prepared
ğŸŒ¯,burrito | mexican | wrap,food prepared
ğŸŒ°,chestnut | almond | plant,food vegetable
ğŸŒ±,seedling | plant | sapling | sprout,plant other
ğŸŒ²,evergreen tree | christmas | evergreen | forest,plant other
ğŸŒ³,deciduous tree | deciduous | forest | green,plant other
ğŸŒ´,palm tree | beach | palm | plant,plant other
ğŸŒµ,cactus | desert | drought | nature,plant other
ğŸŒ¶,hot pepper | hot | pepper,food vegetable
ğŸŒ·,tulip | blossom | flower | growth,plant flower
ğŸŒ¸,cherry blossom | blossom | cherry | flower,plant flower
ğŸŒ¹,rose | beauty | elegant | flower,plant flower
ğŸŒº,hibiscus | flower | plant,plant flower
ğŸŒ»,sunflower | flower | outdoors | plant,plant flower
ğŸŒ¼,blossom | buttercup | dandelion | flower,plant flower
ğŸŒ½,ear of corn | corn | crops | ear,food vegetable
ğŸŒ¾,sheaf of rice | ear | grain | grains,plant other
ğŸŒ¿,herb | leaf | plant,plant other
ğŸ€,four leaf clover | four | clover | four-leaf,plant other
ğŸ,maple leaf | falling | leaf | maple,plant other
ğŸ‚,fallen leaf | autumn | fall | fallen,plant other
ğŸƒ,leaf fluttering in wind | blow | flutter | fluttering,plant other
ğŸ„,mushroom | fungus | toadstool,plant other
ğŸ„â€ğŸŸ«,brown mushroom | food | fungi | fungus,food vegetable
ğŸ…,tomato | food | fruit | vegetable,food fruit
ğŸ†,eggplant | aubergine | vegetable,food vegetable
ğŸ‡,grapes | dionysus | fruit | grape,food fruit
ğŸˆ,melon | cantaloupe | fruit,food fruit
ğŸ‰,watermelon | fruit,food fruit
ğŸŠ,tangerine | citrus | fruit | nectarine,food fruit
ğŸ‹,lemon | citrus | fruit | sour,food fruit
ğŸ‹â€ğŸŸ©,lime | acidity | citrus | cocktail,food fruit
ğŸŒ,banana | fruit | potassium,food fruit
ğŸ,pineapple | colada | fruit | pina,food fruit
ğŸ,red apple | apple | diet | food,food fruit
ğŸ,green apple | apple | fruit | green,food fruit
ğŸ,pear | fruit,food fruit
ğŸ‘,peach | fruit,food fruit
ğŸ’,cherries | berries | cherry | fruit,food fruit
ğŸ“,strawberry | berry | fruit,food fruit
ğŸ”,hamburger | burger | eat | fast,food prepared
ğŸ•,pizza | cheese | food | hungry,food prepared
ğŸ–,meat on bone | bone | meat,food prepared
ğŸ—,poultry leg | bone | chicken | drumstick,food prepared
ğŸ˜,rice cracker | cracker | food | rice,food asian
ğŸ™,rice ball | ball | food | japanese,food asian
ğŸš,cooked rice | cooked | food | rice,food asian
ğŸ›,curry rice | curry | food | rice,food asian
ğŸœ,steaming bowl | bowl | chopsticks | food,food asian
ğŸ,spaghetti | food | meatballs | pasta,food asian
ğŸ,bread | carbs | food | grain,food prepared
ğŸŸ,french fries | fast | food | french,food prepared
ğŸ ,roasted sweet potato | food | potato | roasted,food asian
ğŸ¡,dango | dessert | japanese | skewer,food asian
ğŸ¢,oden | food | kebab | restaurant,food asian
ğŸ£,sushi | food,food asian
ğŸ¤,fried shrimp | fried | prawn | shrimp,food asian
ğŸ¥,fish cake with swirl | cake | fish | food,food asian
ğŸ¦,soft ice cream | cream | dessert | food,food sweet
ğŸ§,shaved ice | dessert | ice | restaurant,food sweet
ğŸ¨,ice cream | cream | dessert | food,food sweet
ğŸ©,doughnut | breakfast | dessert | donut,food sweet
ğŸª,cookie | chip | chocolate | dessert,food sweet
ğŸ«,chocolate bar | bar | candy | chocolate,food sweet
ğŸ¬,candy | cavities | dessert | halloween,food sweet
ğŸ­,lollipop | candy | dessert | food,food sweet
ğŸ®,custard | dessert | pudding | sweet,food sweet
ğŸ¯,honey pot | barrel | bear | food,food sweet
ğŸ°,shortcake | cake | dessert | pastry,food sweet
ğŸ±,bento box | bento | box | food,food asian
ğŸ²,pot of food | food | pot | soup,food prepared
ğŸ³,cooking | breakfast | easy | egg,food prepared
ğŸ´,fork and knife | breakfast | breaky | cooking,dishware
ğŸµ,teacup without handle | beverage | cup | drink,drink
ğŸ¶,sake | bar | beverage | bottle,drink
ğŸ·,wine glass | alcohol | bar | beverage,drink
ğŸ¸,cocktail glass | alcohol | bar | booze,drink
ğŸ¹,tropical drink | alcohol | bar | booze,drink
ğŸº,beer mug | alcohol | ale | bar,drink
ğŸ»,clinking beer mugs | alcohol | bar | beer,drink
ğŸ¼,baby bottle | babies | baby | birth,drink
ğŸ½,fork and knife with plate | cooking | dinner | eat,dishware
ğŸ¾,bottle with popping cork | bar | bottle | cork,drink
ğŸ¿,popcorn | corn | movie | pop,food prepared
ğŸ€,ribbon | celebration,event
ğŸ,wrapped gift | birthday | bow | box,event
ğŸ‚,birthday cake | bday | birthday | cake,food sweet
ğŸƒ,jack-o-lantern | celebration | halloween | jack,event
ğŸ„,christmas tree | celebration | christmas | tree,event
ğŸ…,santa claus | celebration | christmas | claus,person fantasy
ğŸ†,fireworks | boom | celebration | entertainment,event
ğŸ‡,sparkler | boom | celebration | fireworks,event
ğŸˆ,balloon | birthday | celebrate | celebration,event
ğŸ‰,party popper | awesome | birthday | celebrate,event
ğŸŠ,confetti ball | ball | celebrate | celebration,event
ğŸ‹,tanabata tree | banner | celebration | japanese,event
ğŸŒ,crossed flags | celebration | cross | crossed,flag
ğŸ,pine decoration | bamboo | celebration | decoration,event
ğŸ,japanese dolls | celebration | doll | dolls,event
ğŸ,carp streamer | carp | celebration | streamer,event
ğŸ,wind chime | bell | celebration | chime,event
ğŸ‘,moon viewing ceremony | celebration | ceremony | moon,event
ğŸ’,backpack | backpacking | bag | bookbag,clothing
ğŸ“,graduation cap | cap | celebration | clothing,clothing
ğŸ–,military medal | award | celebration | medal,award medal
ğŸ—,reminder ribbon | celebration | reminder | ribbon,event
ğŸ™,studio microphone | mic | microphone | music,music
ğŸš,level slider | level | music | slider,music
ğŸ›,control knobs | control | knobs | music,music
ğŸ,film frames | cinema | film | frames,light and video
ğŸŸ,admission tickets | admission | ticket | tickets,event
ğŸ ,carousel horse | carousel | entertainment | horse,place other
ğŸ¡,ferris wheel | amusement | ferris | park,place other
ğŸ¢,roller coaster | amusement | coaster | park,place other
ğŸ£,fishing pole | entertainment | fish | fishing,sport
ğŸ¤,microphone | karaoke | mic | music,music
ğŸ¥,movie camera | bollywood | camera | cinema,light and video
ğŸ¦,cinema | camera | film | movie,av symbol
ğŸ§,headphone | earbud | sound,music
ğŸ¨,artist palette | art | artist | artsy,arts and crafts
ğŸ©,top hat | clothes | clothing | fancy,clothing
ğŸª,circus tent | circus | tent,place other
ğŸ«,ticket | admission | stub,event
ğŸ¬,clapper board | action | board | clapper,light and video
ğŸ­,performing arts | actor | actress | art,arts and crafts
ğŸ®,video game | controller | entertainment | game,game
ğŸ¯,bullseye | bull | dart | direct,game
ğŸ°,slot machine | casino | gamble | gambling,game
ğŸ±,pool 8 ball | eight | 8ball | ball,game
ğŸ²,game die | dice | die | entertainment,game
ğŸ³,bowling | ball | game | sport,sport
ğŸ´,flower playing cards | card | cards | flower,game
ğŸµ,musical note | music | musical | note,music
ğŸ¶,musical notes | music | musical | note,music
ğŸ·,saxophone | instrument | music | sax,musical instrument
ğŸ¸,guitar | instrument | music | strat,musical instrument
ğŸ¹,musical keyboard | instrument | keyboard | music,musical instrument
ğŸº,trumpet | instrument | music,musical instrument
ğŸ»,violin | instrument | music,musical instrument
ğŸ¼,musical score | music | musical | note,music
ğŸ½,running shirt | athletics | running | sash,sport
ğŸ¾,tennis | ball | racquet | sport,sport
ğŸ¿,skis | ski | snow | sport,sport
ğŸ€,basketball | ball | hoop | sport,sport
ğŸ,chequered flag | checkered | chequered | finish,flag
ğŸ‚,snowboarder | ski | snow | snowboard,person sport
ğŸƒ,person running | fast | hurry | marathon,person activity
ğŸƒâ€â™€,woman running | fast | hurry | marathon,person activity
ğŸƒâ€â™€â€â¡,facing | fast | hurry | marathon,person activity
ğŸƒâ€â™‚,man running | fast | hurry | man,person activity
ğŸƒâ€â™‚â€â¡,facing | fast | hurry | man,person activity
ğŸƒâ€â¡,facing | fast | hurry | marathon,person activity
ğŸ„,person surfing | beach | ocean | sport,person sport
ğŸ„â€â™€,woman surfing | beach | ocean | sport,person sport
ğŸ„â€â™‚,man surfing | beach | man | ocean,person sport
ğŸ…,sports medal | award | gold | medal,award medal
ğŸ†,trophy | champion | champs | prize,award medal
ğŸ‡,horse racing | horse | jockey | racehorse,person sport
ğŸˆ,american football | american | ball | bowl,sport
ğŸ‰,rugby football | ball | football | rugby,sport
ğŸŠ,person swimming | freestyle | sport | swim,person sport
ğŸŠâ€â™€,woman swimming | freestyle | man | sport,person sport
ğŸŠâ€â™‚,man swimming | freestyle | man | sport,person sport
ğŸ‹,person lifting weights | barbell | bodybuilder | deadlift,person sport
ğŸ‹â€â™€,woman lifting weights | barbell | bodybuilder | deadlift,person sport
ğŸ‹â€â™‚,man lifting weights | barbell | bodybuilder | deadlift,person sport
ğŸŒ,person golfing | ball | birdie | caddy,person sport
ğŸŒâ€â™€,woman golfing | ball | birdie | caddy,person sport
ğŸŒâ€â™‚,man golfing | ball | birdie | caddy,person sport
ğŸ,motorcycle | racing,transport ground
ğŸ,racing car | car | racing | zoom,transport ground
ğŸ,cricket game | ball | bat | cricket,sport
ğŸ,volleyball | ball | game,sport
ğŸ‘,field hockey | ball | field | game,sport
ğŸ’,ice hockey | game | hockey | ice,sport
ğŸ“,ping pong | ball | bat | game,sport
ğŸ”,snow-capped mountain | cold | mountain | snow,place geographic
ğŸ•,camping,place geographic
ğŸ–,beach with umbrella | beach | umbrella,place geographic
ğŸ—,building construction | building | construction | crane,place building
ğŸ˜,houses | house,place building
ğŸ™,cityscape | city,place other
ğŸš,derelict house | derelict | home | house,place building
ğŸ›,classical building | building | classical,place building
ğŸœ,desert,place geographic
ğŸ,desert island | desert | island,place geographic
ğŸ,national park | national | park,place geographic
ğŸŸ,stadium,place building
ğŸ ,house | building | country | heart,place building
ğŸ¡,house with garden | building | country | garden,place building
ğŸ¢,office building | building | city | cubical,place building
ğŸ£,japanese post office | building | japanese | office,place building
ğŸ¤,post office | building | european | office,place building
ğŸ¥,hospital | building | doctor | medicine,place building
ğŸ¦,bank | building,place building
ğŸ§,atm sign | atm | automated | bank,transport sign
ğŸ¨,hotel | building,place building
ğŸ©,love hotel | building | hotel | love,place building
ğŸª,convenience store | building | convenience | hours,place building
ğŸ«,school | building,place building
ğŸ¬,department store | building | department | store,place building
ğŸ­,factory | building,place building
ğŸ®,red paper lantern | bar | lantern | light,light and video
ğŸ¯,japanese castle | building | castle | japanese,place building
ğŸ°,castle | building | european,place building
ğŸ³,white flag | waving | white,flag
ğŸ³â€âš§,transgender flag | blue | light | pink,flag
ğŸ³â€ğŸŒˆ,rainbow flag | bisexual | gay | genderqueer,flag
ğŸ´,black flag | black | waving,flag
ğŸ´ó §ó ¢ó ¥ó ®ó §ó ¿,england,subdivision flag
ğŸ´ó §ó ¢ó ³ó £ó ´ó ¿,scotland,subdivision flag
ğŸ´ó §ó ¢ó ·ó ¬ó ³ó ¿,wales,subdivision flag
ğŸ´â€â˜ ,pirate flag | jolly | pirate | plunder,flag
ğŸµ,rosette | plant,plant flower
ğŸ·,label | tag,book paper
ğŸ¸,badminton | birdie | game | racquet,sport
ğŸ¹,bow and arrow | archer | archery | arrow,tool
ğŸº,amphora | aquarius | cooking | drink,dishware
ğŸ€,rat | animal,animal mammal
ğŸ,mouse | animal | animals,animal mammal
ğŸ‚,ox | animal | animals | bull,animal mammal
ğŸƒ,water buffalo | animal | buffalo | water,animal mammal
ğŸ„,cow | animal | animals | farm,animal mammal
ğŸ…,tiger | animal | big | cat,animal mammal
ğŸ†,leopard | animal | big | cat,animal mammal
ğŸ‡,rabbit | animal | bunny | pet,animal mammal
ğŸˆ,cat | animal | animals | cats,animal mammal
ğŸˆâ€â¬›,black cat | animal | black | cat,animal mammal
ğŸ‰,dragon | animal | fairy | fairytale,animal reptile
ğŸŠ,crocodile | animal | zoo,animal reptile
ğŸ‹,whale | animal | beach | ocean,animal marine
ğŸŒ,snail | animal | escargot | garden,animal bug
ğŸ,snake | animal | bearer | ophiuchus,animal reptile
ğŸ,horse | animal | equestrian | farm,animal mammal
ğŸ,ram | animal | aries | horns,animal mammal
ğŸ,goat | animal | capricorn | farm,animal mammal
ğŸ‘,ewe | animal | baa | farm,animal mammal
ğŸ’,monkey | animal | banana,animal mammal
ğŸ“,rooster | animal | bird | ornithology,animal bird
ğŸ”,chicken | animal | bird | ornithology,animal bird
ğŸ•,dog | animal | animals | dogs,animal mammal
ğŸ•â€ğŸ¦º,service dog | accessibility | animal | assistance,animal mammal
ğŸ–,pig | animal | bacon | farm,animal mammal
ğŸ—,boar | animal | pig,animal mammal
ğŸ˜,elephant | animal,animal mammal
ğŸ™,octopus | animal | creature | ocean,animal marine
ğŸš,spiral shell | animal | beach | conch,animal marine
ğŸ›,bug | animal | garden | insect,animal bug
ğŸœ,ant | animal | garden | insect,animal bug
ğŸ,honeybee | animal | bee | bumblebee,animal bug
ğŸ,lady beetle | animal | beetle | garden,animal bug
ğŸŸ,fish | animal | dinner | fishes,animal marine
ğŸ ,tropical fish | animal | fish | fishes,animal marine
ğŸ¡,blowfish | animal | fish,animal marine
ğŸ¢,turtle | animal | terrapin | tortoise,animal reptile
ğŸ£,hatching chick | animal | baby | bird,animal bird
ğŸ¤,baby chick | animal | baby | bird,animal bird
ğŸ¥,front-facing baby chick | animal | baby | bird,animal bird
ğŸ¦,bird | animal | ornithology,animal bird
ğŸ¦â€â¬›,black bird | animal | beak | bird,animal bird
ğŸ¦â€ğŸ”¥,phoenix | ascend | ascension | emerge,animal bird
ğŸ§,penguin | animal | antarctica | bird,animal bird
ğŸ¨,koala | animal | australia | bear,animal mammal
ğŸ©,poodle | animal | dog | fluffy,animal mammal
ğŸª,camel | animal | desert | dromedary,animal mammal
ğŸ«,two-hump camel | animal | bactrian | camel,animal mammal
ğŸ¬,dolphin | animal | beach | flipper,animal marine
ğŸ­,mouse face | animal | face | mouse,animal mammal
ğŸ®,cow face | animal | cow | face,animal mammal
ğŸ¯,tiger face | animal | big | cat,animal mammal
ğŸ°,rabbit face | animal | bunny | face,animal mammal
ğŸ±,cat face | animal | cat | face,animal mammal
ğŸ²,dragon face | animal | dragon | face,animal reptile
ğŸ³,spouting whale | animal | beach | face,animal marine
ğŸ´,horse face | animal | dressage | equine,animal mammal
ğŸµ,monkey face | animal | banana | face,animal mammal
ğŸ¶,dog face | adorbs | animal | dog,animal mammal
ğŸ·,pig face | animal | bacon | face,animal mammal
ğŸ¸,frog | animal | face,animal amphibian
ğŸ¹,hamster | animal | face | pet,animal mammal
ğŸº,wolf | animal | face,animal mammal
ğŸ»,bear | animal | face | grizzly,animal mammal
ğŸ»â€â„,polar bear | animal | arctic | bear,animal mammal
ğŸ¼,panda | animal | bamboo | face,animal mammal
ğŸ½,pig nose | animal | face | farm,animal mammal
ğŸ¾,paw prints | feet | paw | paws,animal mammal
ğŸ¿,chipmunk | animal | squirrel,animal mammal
ğŸ‘€,eyes | body | eye | face,body parts
ğŸ‘,eye | one | body,body parts
ğŸ‘â€ğŸ—¨,eye in speech bubble | balloon | bubble | eye,emotion
ğŸ‘‚,ear | body | ears | hear,body parts
ğŸ‘ƒ,nose | body | noses | nosey,body parts
ğŸ‘„,mouth | beauty | body | kiss,body parts
ğŸ‘…,tongue | body | lick | slurp,body parts
ğŸ‘†,backhand index pointing up | backhand | finger | hand,hand single finger
ğŸ‘‡,backhand index pointing down | backhand | down | finger,hand single finger
ğŸ‘ˆ,backhand index pointing left | backhand | finger | hand,hand single finger
ğŸ‘‰,backhand index pointing right | backhand | finger | hand,hand single finger
ğŸ‘Š,oncoming fist | absolutely | agree | boom,hand fingers closed
ğŸ‘‹,waving hand | bye | cya | g2g,hand fingers open
ğŸ‘Œ,ok hand | awesome | bet | dope,hand fingers partial
ğŸ‘,thumbs up | good | hand | like,hand fingers closed
ğŸ‘,thumbs down | bad | dislike | down,hand fingers closed
ğŸ‘,clapping hands | applause | approval | awesome,hands
ğŸ‘,open hands | hand | hands | hug,hands
ğŸ‘‘,crown | clothing | family | king,clothing
ğŸ‘’,clothes | clothing | garden | hat,clothing
ğŸ‘“,glasses | clothing | eye | eyeglasses,clothing
ğŸ‘”,necktie | clothing | employed | serious,clothing
ğŸ‘•,t-shirt | blue | casual | clothes,clothing
ğŸ‘–,jeans | blue | casual | clothes,clothing
ğŸ‘—,dress | clothes | clothing | dressed,clothing
ğŸ‘˜,kimono | clothing | comfortable,clothing
ğŸ‘™,bikini | bathing | beach | clothing,clothing
ğŸ‘š,blouse | clothes | clothing | collar,clothing
ğŸ‘›,purse | clothes | clothing | coin,clothing
ğŸ‘œ,handbag | bag | clothes | clothing,clothing
ğŸ‘,clutch bag | bag | clothes | clothing,clothing
ğŸ‘,brown | clothes | clothing | feet,clothing
ğŸ‘Ÿ,running shoe | athletic | clothes | clothing,clothing
ğŸ‘ ,high-heeled shoe | clothes | clothing | dress,clothing
ğŸ‘¡,clothing | sandal | shoe | woman,clothing
ğŸ‘¢,boot | clothes | clothing | dress,clothing
ğŸ‘£,footprints | barefoot | clothing | footprint,person symbol
ğŸ‘¤,bust in silhouette | bust | mysterious | shadow,person symbol
ğŸ‘¥,busts in silhouette | bff | bust | busts,person symbol
ğŸ‘¦,boy | bright-eyed | child | grandson,person
ğŸ‘§,girl | bright-eyed | child | daughter,person
ğŸ‘¨,man | adult | bro,person
ğŸ‘¨â€âš•,man health worker | doctor | health | healthcare,person role
ğŸ‘¨â€âš–,man judge | judge | justice | law,person role
ğŸ‘¨â€âœˆ,man pilot | man | pilot | plane,person role
ğŸ‘¨â€â¤â€ğŸ‘¨,anniversary | babe | bae | couple,family
ğŸ‘¨â€â¤â€ğŸ’‹â€ğŸ‘¨,anniversary | babe | bae | couple,family
ğŸ‘¨â€ğŸŒ¾,man farmer | farmer | gardener | man,person role
ğŸ‘¨â€ğŸ³,man cook | chef | cook | man,person role
ğŸ‘¨â€ğŸ¼,man feeding baby | baby | dad | father,person role
ğŸ‘¨â€ğŸ“,man student | graduate | man | student,person role
ğŸ‘¨â€ğŸ¤,man singer | actor | entertainer | man,person role
ğŸ‘¨â€ğŸ¨,man artist | artist | man | palette,person role
ğŸ‘¨â€ğŸ«,man teacher | instructor | lecturer | man,person role
ğŸ‘¨â€ğŸ­,man factory worker | assembly | factory | industrial,person role
ğŸ‘¨â€ğŸ‘¦,boy | child | family | man,family
ğŸ‘¨â€ğŸ‘¦â€ğŸ‘¦,boy | child | family | man,family
ğŸ‘¨â€ğŸ‘§,child | family | girl | man,family
ğŸ‘¨â€ğŸ‘§â€ğŸ‘¦,boy | child | family | girl,family
ğŸ‘¨â€ğŸ‘§â€ğŸ‘§,child | family | girl | man,family
ğŸ‘¨â€ğŸ‘¨â€ğŸ‘¦,boy | child | family | man,family
ğŸ‘¨â€ğŸ‘¨â€ğŸ‘¦â€ğŸ‘¦,boy | child | family | man,family
ğŸ‘¨â€ğŸ‘¨â€ğŸ‘§,child | family | girl | man,family
ğŸ‘¨â€ğŸ‘¨â€ğŸ‘§â€ğŸ‘¦,boy | child | family | girl,family
ğŸ‘¨â€ğŸ‘¨â€ğŸ‘§â€ğŸ‘§,child | family | girl | man,family
ğŸ‘¨â€ğŸ‘©â€ğŸ‘¦,boy | child | family | man,family
ğŸ‘¨â€ğŸ‘©â€ğŸ‘¦â€ğŸ‘¦,boy | child | family | man,family
ğŸ‘¨â€ğŸ‘©â€ğŸ‘§,child | family | girl | man,family
ğŸ‘¨â€ğŸ‘©â€ğŸ‘§â€ğŸ‘¦,boy | child | family | girl,family
ğŸ‘¨â€ğŸ‘©â€ğŸ‘§â€ğŸ‘§,child | family | girl | man,family
ğŸ‘¨â€ğŸ’»,man technologist | coder | computer | developer,person role
ğŸ‘¨â€ğŸ’¼,man office worker | architect | business | man,person role
ğŸ‘¨â€ğŸ”§,man mechanic | electrician | man | mechanic,person role
ğŸ‘¨â€ğŸ”¬,man scientist | biologist | chemist | engineer,person role
ğŸ‘¨â€ğŸ¦¯,man with white cane | accessibility | blind | cane,person activity
ğŸ‘¨â€ğŸ¦¯â€â¡,accessibility | blind | cane | facing,person activity
ğŸ‘¨â€ğŸ¦°,adult | bro | man | red hair,person
ğŸ‘¨â€ğŸ¦±,adult | bro | curly hair | man,person
ğŸ‘¨â€ğŸ¦²,adult | bald | bro | man,person
ğŸ‘¨â€ğŸ¦³,adult | bro | man | white hair,person
ğŸ‘¨â€ğŸ¦¼,man in motorized wheelchair | accessibility | man | motorized,person activity
ğŸ‘¨â€ğŸ¦¼â€â¡,accessibility | facing | man | motorized,person activity
ğŸ‘¨â€ğŸ¦½,man in manual wheelchair | accessibility | man | manual,person activity
ğŸ‘¨â€ğŸ¦½â€â¡,accessibility | facing | man | manual,person activity
ğŸ‘¨â€ğŸš€,man astronaut | astronaut | man | rocket,person role
ğŸ‘¨â€ğŸš’,man firefighter | fire | firefighter | firetruck,person role
ğŸ‘©,woman | adult | lady,person
ğŸ‘©â€âš•,woman health worker | doctor | health | healthcare,person role
ğŸ‘©â€âš–,woman judge | judge | justice | law,person role
ğŸ‘©â€âœˆ,woman pilot | pilot | plane | woman,person role
ğŸ‘©â€â¤â€ğŸ‘¨,anniversary | babe | bae | couple,family
ğŸ‘©â€â¤â€ğŸ‘©,anniversary | babe | bae | couple,family
ğŸ‘©â€â¤â€ğŸ’‹â€ğŸ‘¨,anniversary | babe | bae | couple,family
ğŸ‘©â€â¤â€ğŸ’‹â€ğŸ‘©,anniversary | babe | bae | couple,family
ğŸ‘©â€ğŸŒ¾,woman farmer | farmer | gardener | rancher,person role
ğŸ‘©â€ğŸ³,woman cook | chef | cook | woman,person role
ğŸ‘©â€ğŸ¼,woman feeding baby | baby | feed | feeding,person role
ğŸ‘©â€ğŸ“,woman student | graduate | student | woman,person role
ğŸ‘©â€ğŸ¤,woman singer | actor | entertainer | rock,person role
ğŸ‘©â€ğŸ¨,woman artist | artist | palette | woman,person role
ğŸ‘©â€ğŸ«,woman teacher | instructor | lecturer | professor,person role
ğŸ‘©â€ğŸ­,woman factory worker | assembly | factory | industrial,person role
ğŸ‘©â€ğŸ‘¦,boy | child | family | woman,family
ğŸ‘©â€ğŸ‘¦â€ğŸ‘¦,boy | child | family | woman,family
ğŸ‘©â€ğŸ‘§,child | family | girl | woman,family
ğŸ‘©â€ğŸ‘§â€ğŸ‘¦,boy | child | family | girl,family
ğŸ‘©â€ğŸ‘§â€ğŸ‘§,child | family | girl | woman,family
ğŸ‘©â€ğŸ‘©â€ğŸ‘¦,boy | child | family | woman,family
ğŸ‘©â€ğŸ‘©â€ğŸ‘¦â€ğŸ‘¦,boy | child | family | woman,family
ğŸ‘©â€ğŸ‘©â€ğŸ‘§,child | family | girl | woman,family
ğŸ‘©â€ğŸ‘©â€ğŸ‘§â€ğŸ‘¦,boy | child | family | girl,family
ğŸ‘©â€ğŸ‘©â€ğŸ‘§â€ğŸ‘§,child | family | girl | woman,family
ğŸ‘©â€ğŸ’»,woman technologist | coder | computer | developer,person role
ğŸ‘©â€ğŸ’¼,woman office worker | architect | business | manager,person role
ğŸ‘©â€ğŸ”§,woman mechanic | electrician | mechanic | plumber,person role
ğŸ‘©â€ğŸ”¬,woman scientist | biologist | chemist | engineer,person role
ğŸ‘©â€ğŸ¦¯,woman with white cane | accessibility | blind | cane,person activity
ğŸ‘©â€ğŸ¦¯â€â¡,accessibility | blind | cane | facing,person activity
ğŸ‘©â€ğŸ¦°,adult | lady | red hair | woman,person
ğŸ‘©â€ğŸ¦±,adult | curly hair | lady | woman,person
ğŸ‘©â€ğŸ¦²,adult | bald | lady | woman,person
ğŸ‘©â€ğŸ¦³,adult | lady | white hair | woman,person
ğŸ‘©â€ğŸ¦¼,woman in motorized wheelchair | accessibility | motorized | wheelchair,person activity
ğŸ‘©â€ğŸ¦¼â€â¡,accessibility | facing | motorized | right,person activity
ğŸ‘©â€ğŸ¦½,woman in manual wheelchair | accessibility | manual | wheelchair,person activity
ğŸ‘©â€ğŸ¦½â€â¡,accessibility | facing | manual | right,person activity
ğŸ‘©â€ğŸš€,woman astronaut | astronaut | rocket | space,person role
ğŸ‘©â€ğŸš’,woman firefighter | fire | firefighter | firetruck,person role
ğŸ‘ª,family | child,person symbol
ğŸ‘«,woman and man holding hands | bae | bestie | bff,family
ğŸ‘¬,men holding hands | bae | bestie | bff,family
ğŸ‘­,women holding hands | bae | bestie | bff,family
ğŸ‘®,police officer | apprehend | arrest | citation,person role
ğŸ‘®â€â™€,woman police officer | apprehend | arrest | citation,person role
ğŸ‘®â€â™‚,man police officer | apprehend | arrest | citation,person role
ğŸ‘¯,people with bunny ears | bestie | bff | bunny,person activity
ğŸ‘¯â€â™€,women with bunny ears | bestie | bff | bunny,person activity
ğŸ‘¯â€â™‚,men with bunny ears | bestie | bff | bunny,person activity
ğŸ‘°,person with veil | veil | wedding,person role
ğŸ‘°â€â™€,woman with veil | bride | veil | wedding,person role
ğŸ‘°â€â™‚,man with veil | man | veil | wedding,person role
ğŸ‘±,blond | blond hair | blond-haired | human,person
ğŸ‘±â€â™€,blond | blond-haired | blonde | hair,person
ğŸ‘±â€â™‚,blond | blond-haired | hair | man,person
ğŸ‘²,person with skullcap | cap | chinese | gua,person role
ğŸ‘³,person wearing turban | turban | wearing,person role
ğŸ‘³â€â™€,woman wearing turban | turban | wearing | woman,person role
ğŸ‘³â€â™‚,man wearing turban | man | turban | wearing,person role
ğŸ‘´,old man | adult | bald | elderly,person
ğŸ‘µ,old woman | adult | elderly | grandma,person
ğŸ‘¶,baby | babies | children | goo,person
ğŸ‘·,construction worker | build | construction | fix,person role
ğŸ‘·â€â™€,woman construction worker | build | construction | fix,person role
ğŸ‘·â€â™‚,man construction worker | build | construction | fix,person role
ğŸ‘¸,princess | crown | fairy | fairytale,person role
ğŸ‘¹,ogre | creature | devil | face,face costume
ğŸ‘º,goblin | angry | creature | face,face costume
ğŸ‘»,ghost | boo | creature | excited,face costume
ğŸ‘¼,baby angel | angel | baby | church,person fantasy
ğŸ‘½,alien | creature | extraterrestrial | face,face costume
ğŸ‘¾,alien monster | alien | creature | extraterrestrial,face costume
ğŸ‘¿,angry face with horns | angry | demon | devil,face negative
ğŸ’€,skull | body | dead | death,face negative
ğŸ’,person tipping hand | fetch | flick | flip,person gesture
ğŸ’â€â™€,woman tipping hand | fetch | flick | flip,person gesture
ğŸ’â€â™‚,man tipping hand | fetch | flick | flip,person gesture
ğŸ’‚,guard | buckingham | helmet | london,person role
ğŸ’‚â€â™€,woman guard | buckingham | guard | helmet,person role
ğŸ’‚â€â™‚,man guard | buckingham | guard | helmet,person role
ğŸ’ƒ,woman dancing | dance | dancer | dancing,person activity
ğŸ’„,lipstick | cosmetics | date | makeup,clothing
ğŸ’…,nail polish | bored | care | cosmetics,hand prop
ğŸ’†,person getting massage | face | getting | headache,person activity
ğŸ’†â€â™€,woman getting massage | face | getting | headache,person activity
ğŸ’†â€â™‚,man getting massage | face | getting | headache,person activity
ğŸ’‡,person getting haircut | barber | beauty | chop,person activity
ğŸ’‡â€â™€,woman getting haircut | barber | beauty | chop,person activity
ğŸ’‡â€â™‚,man getting haircut | barber | beauty | chop,person activity
ğŸ’ˆ,barber pole | barber | cut | fresh,place other
ğŸ’‰,syringe | doctor | flu | medicine,medical
ğŸ’Š,pill | doctor | drugs | medicated,medical
ğŸ’‹,kiss mark | dating | emotion | heart,emotion
ğŸ’Œ,love letter | heart | letter | love,heart
ğŸ’,ring | diamond | engaged | engagement,clothing
ğŸ’,gem stone | diamond | engagement | gem,clothing
ğŸ’,kiss | anniversary | babe | bae,family
ğŸ’,bouquet | anniversary | birthday | date,plant flower
ğŸ’‘,couple with heart | anniversary | babe | bae,family
ğŸ’’,wedding | chapel | hitched | nuptials,place building
ğŸ’“,beating heart | beating | cardio | emotion,heart
ğŸ’”,broken heart | break | broken | crushed,heart
ğŸ’•,two hearts | anniversary | date | dating,heart
ğŸ’–,sparkling heart | emotion | excited | good,heart
ğŸ’—,growing heart | emotion | excited | growing,heart
ğŸ’˜,heart with arrow | adorbs | arrow | cupid,heart
ğŸ’™,blue heart | blue | emotion | heart,heart
ğŸ’š,green heart | emotion | green | heart,heart
ğŸ’›,yellow heart | cardiac | emotion | heart,heart
ğŸ’œ,purple heart | bestest | emotion | heart,heart
ğŸ’,heart with ribbon | anniversary | emotion | heart,heart
ğŸ’,revolving hearts | adorbs | anniversary | emotion,heart
ğŸ’Ÿ,heart decoration | decoration | emotion | heart,heart
ğŸ’ ,diamond with a dot | comic | diamond | dot,geometric
ğŸ’¡,light bulb | bulb | comic | electric,light and video
ğŸ’¢,anger symbol | anger | angry | comic,emotion
ğŸ’£,bomb | boom | comic | dangerous,tool
ğŸ’¤,zzz | comic | good | goodnight,emotion
ğŸ’¥,collision | bomb | boom | collide,emotion
ğŸ’¦,sweat droplets | comic | drip | droplet,emotion
ğŸ’§,droplet | cold | comic | drop,sky and weather
ğŸ’¨,dashing away | away | cloud | comic,emotion
ğŸ’©,pile of poo | bs | comic | doo,face costume
ğŸ’ª,flexed biceps | arm | beast | bench,body parts
ğŸ’«,dizzy | comic | shining | shooting,emotion
ğŸ’¬,speech balloon | balloon | bubble | comic,emotion
ğŸ’­,thought balloon | balloon | bubble | cartoon,emotion
ğŸ’®,white flower | flower | white,plant flower
ğŸ’¯,hundred points | agree | clearly | definitely,emotion
ğŸ’°,money bag | bag | bank | bet,money
ğŸ’±,currency exchange | bank | currency | exchange,currency
ğŸ’²,heavy dollar sign | billion | cash | charge,currency
ğŸ’³,credit card | bank | card | cash,money
ğŸ’´,yen banknote | bank | banknote | bill,money
ğŸ’µ,dollar banknote | bank | banknote | bill,money
ğŸ’¶,euro banknote | bank | banknote | bill,money
ğŸ’·,pound banknote | bank | banknote | bill,money
ğŸ’¸,money with wings | bank | banknote | bill,money
ğŸ’¹,chart increasing with yen | bank | chart | currency,money
ğŸ’º,seat | chair,transport air
ğŸ’»,laptop | computer | office | pc,computer
ğŸ’¼,briefcase | office,office
ğŸ’½,computer disk | computer | disk | minidisk,computer
ğŸ’¾,floppy disk | computer | disk | floppy,computer
ğŸ’¿,optical disk | blu-ray | cd | computer,computer
ğŸ“€,dvd | blu-ray | cd | computer,computer
ğŸ“,file folder | file | folder,office
ğŸ“‚,open file folder | file | folder | open,office
ğŸ“ƒ,page with curl | curl | document | page,book paper
ğŸ“„,page facing up | document | facing | page,book paper
ğŸ“…,calendar | date,office
ğŸ“†,tear-off calendar | calendar | tear-off,office
ğŸ“‡,card index | card | index | old,office
ğŸ“ˆ,chart increasing | chart | data | graph,office
ğŸ“‰,chart decreasing | chart | data | decreasing,office
ğŸ“Š,bar chart | bar | chart | data,office
ğŸ“‹,clipboard | do | list | notes,office
ğŸ“Œ,pushpin | collage | pin,office
ğŸ“,round pushpin | location | map | pin,office
ğŸ“,paperclip,office
ğŸ“,straight ruler | angle | edge | math,office
ğŸ“,triangular ruler | angle | math | rule,office
ğŸ“‘,bookmark tabs | bookmark | mark | marker,book paper
ğŸ“’,ledger | notebook,book paper
ğŸ““,notebook,book paper
ğŸ“”,notebook with decorative cover | book | cover | decorated,book paper
ğŸ“•,closed book | book | closed | education,book paper
ğŸ“–,open book | book | education | fantasy,book paper
ğŸ“—,green book | book | education | fantasy,book paper
ğŸ“˜,blue book | blue | book | education,book paper
ğŸ“™,orange book | book | education | fantasy,book paper
ğŸ“š,books | book | education | fantasy,book paper
ğŸ“›,name badge | badge | name,symbols
ğŸ“œ,scroll | paper,book paper
ğŸ“,memo | communication | media | notes,writing
ğŸ“,telephone receiver | communication | phone | receiver,phone
ğŸ“Ÿ,pager | communication,phone
ğŸ“ ,fax machine | communication | fax | machine,phone
ğŸ“¡,satellite antenna | aliens | antenna | contact,science
ğŸ“¢,loudspeaker | address | communication | loud,sound
ğŸ“£,megaphone | cheering | sound,sound
ğŸ“¤,outbox tray | box | email | letter,mail
ğŸ“¥,inbox tray | box | email | inbox,mail
ğŸ“¦,package | box | communication | delivery,mail
ğŸ“§,e-mail | email | letter | mail,mail
ğŸ“¨,incoming envelope | delivering | e-mail | email,mail
ğŸ“©,envelope with arrow | arrow | communication | down,mail
ğŸ“ª,closed mailbox with lowered flag | closed | lowered | mail,mail
ğŸ“«,closed mailbox with raised flag | closed | communication | mail,mail
ğŸ“¬,open mailbox with raised flag | mail | mailbox | open,mail
ğŸ“­,open mailbox with lowered flag | lowered | mail | mailbox,mail
ğŸ“®,postbox | mail | mailbox,mail
ğŸ“¯,postal horn | horn | post | postal,sound
ğŸ“°,newspaper | communication | news | paper,book paper
ğŸ“±,mobile phone | cell | communication | mobile,phone
ğŸ“²,mobile phone with arrow | arrow | build | call,phone
ğŸ“³,vibration mode | cell | communication | mobile,av symbol
ğŸ“´,mobile phone off | cell | mobile | off,av symbol
ğŸ“µ,no mobile phones | cell | forbidden | mobile,warning
ğŸ“¶,antenna bars | antenna | bar | bars,av symbol
ğŸ“·,camera | photo | selfie | snap,light and video
ğŸ“¸,camera with flash | camera | flash | video,light and video
ğŸ“¹,video camera | camcorder | camera | tbt,light and video
ğŸ“º,television | tv | video,light and video
ğŸ“»,radio | entertainment | tbt | video,music
ğŸ“¼,videocassette | old | school | tape,light and video
ğŸ“½,film projector | cinema | film | movie,light and video
ğŸ“¿,prayer beads | beads | clothing | necklace,clothing
ğŸ”€,shuffle tracks button | arrow | crossed | shuffle,av symbol
ğŸ”,repeat button | arrow | clockwise | repeat,av symbol
ğŸ”‚,repeat single button | arrow | clockwise | once,av symbol
ğŸ”ƒ,clockwise vertical arrows | arrow | arrows | clockwise,arrow
ğŸ”„,counterclockwise arrows button | again | anticlockwise | arrow,arrow
ğŸ”…,dim button | brightness | dim | low,av symbol
ğŸ”†,bright button | bright | brightness | light,av symbol
ğŸ”‡,muted speaker | mute | muted | quiet,sound
ğŸ”ˆ,speaker low volume | low | soft | sound,sound
ğŸ”‰,speaker medium volume | medium | sound | speaker,sound
ğŸ”Š,speaker high volume | high | loud | music,sound
ğŸ”‹,battery,computer
ğŸ”Œ,electric plug | electric | electricity | plug,computer
ğŸ”,magnifying glass tilted left | glass | lab | left,light and video
ğŸ”,magnifying glass tilted right | contact | glass | lab,light and video
ğŸ”,locked with pen | ink | lock | locked,lock
ğŸ”,locked with key | bike | closed | key,lock
ğŸ”‘,key | keys | lock | major,lock
ğŸ”’,locked | closed | lock | private,lock
ğŸ”“,unlocked | cracked | lock | open,lock
ğŸ””,bell | break | church | sound,sound
ğŸ”•,bell with slash | bell | forbidden | mute,sound
ğŸ”–,bookmark | mark,book paper
ğŸ”—,link | links,tool
ğŸ”˜,radio button | geometric | radio,geometric
ğŸ”™,back arrow | arrow | back,arrow
ğŸ”š,end arrow | arrow | end,arrow
ğŸ”›,arrow | mark,arrow
ğŸ”œ,soon arrow | arrow | brb | omw,arrow
ğŸ”,top arrow | arrow | homie | top,arrow
ğŸ”,no one under eighteen | age | eighteen | forbidden,warning
ğŸ”Ÿ,10,keycap
ğŸ” ,input latin uppercase | abcd | input | latin,alphanum
ğŸ”¡,input latin lowercase | abcd | input | latin,alphanum
ğŸ”¢,input numbers | input | numbers,alphanum
ğŸ”£,input symbols | input | symbols,alphanum
ğŸ”¤,input latin letters | abc | alphabet | input,alphanum
ğŸ”¥,fire | af | burn | flame,sky and weather
ğŸ”¦,flashlight | electric | light | tool,light and video
ğŸ”§,wrench | home | improvement | spanner,tool
ğŸ”¨,hammer | home | improvement | repairs,tool
ğŸ”©,nut and bolt | bolt | home | improvement,tool
ğŸ”ª,kitchen knife | chef | cooking | hocho,dishware
ğŸ”«,water pistol | gun | handgun | pistol,game
ğŸ”¬,microscope | experiment | lab | science,science
ğŸ”­,telescope | contact | extraterrestrial | science,science
ğŸ”®,crystal ball | ball | crystal | fairy,game
ğŸ”¯,dotted six-pointed star | dotted | fortune | jewish,religion
ğŸ”°,japanese symbol for beginner | beginner | chevron | green,symbols
ğŸ”±,trident emblem | anchor | emblem | poseidon,symbols
ğŸ”²,black square button | black | geometric | square,geometric
ğŸ”³,white square button | geometric | outlined | square,geometric
ğŸ”´,red circle | circle | geometric | red,geometric
ğŸ”µ,blue circle | blue | circle | geometric,geometric
ğŸ”¶,large orange diamond | diamond | geometric | large,geometric
ğŸ”·,large blue diamond | blue | diamond | geometric,geometric
ğŸ”¸,small orange diamond | diamond | geometric | orange,geometric
ğŸ”¹,small blue diamond | blue | diamond | geometric,geometric
ğŸ”º,red triangle pointed up | geometric | pointed | red,geometric
ğŸ”»,red triangle pointed down | down | geometric | pointed,geometric
ğŸ”¼,upwards button | arrow | red | up,av symbol
ğŸ”½,downwards button | arrow | down | downwards,av symbol
ğŸ•‰,om | hindu | religion,religion
ğŸ•Š,dove | bird | fly | ornithology,animal bird
ğŸ•‹,kaaba | hajj | islam | muslim,place religious
ğŸ•Œ,mosque | islam | masjid | muslim,place religious
ğŸ•,synagogue | jew | jewish | judaism,place religious
ğŸ•,menorah | candelabrum | candlestick | hanukkah,religion
ğŸ•,one | clock | time,time
ğŸ•‘,two | clock | time,time
ğŸ•’,three | clock | time,time
ğŸ•“,four | clock | time,time
ğŸ•”,five | clock | time,time
ğŸ••,six | clock | time,time
ğŸ•–,zero | seven | clock,time
ğŸ•—,eight | clock | time,time
ğŸ•˜,nine | clock | time,time
ğŸ•™,zero | clock | ten,time
ğŸ•š,clock | eleven | time,time
ğŸ•›,clock | time | twelve,time
ğŸ•œ,one-thirty | one | clock | thirty,time
ğŸ•,two-thirty | two | clock | thirty,time
ğŸ•,three-thirty | three | clock | thirty,time
ğŸ•Ÿ,four-thirty | four | clock | thirty,time
ğŸ• ,five-thirty | five | clock | thirty,time
ğŸ•¡,six-thirty | six | clock | thirty,time
ğŸ•¢,seven-thirty | seven | clock | thirty,time
ğŸ•£,eight-thirty | eight | clock | thirty,time
ğŸ•¤,nine-thirty | nine | clock | thirty,time
ğŸ•¥,ten-thirty | clock | ten | thirty,time
ğŸ•¦,eleven-thirty | clock | eleven | thirty,time
ğŸ•§,twelve-thirty | clock | thirty | time,time
ğŸ•¯,candle | light,light and video
ğŸ•°,mantelpiece clock | clock | mantelpiece | time,time
ğŸ•³,hole,emotion
ğŸ•´,person in suit levitating | business | levitating | suit,person activity
ğŸ•µ,detective | sleuth | spy,person role
ğŸ•µâ€â™€,woman detective | detective | sleuth | spy,person role
ğŸ•µâ€â™‚,man detective | detective | man | sleuth,person role
ğŸ•¶,sunglasses | dark | eye | eyewear,clothing
ğŸ•·,spider | animal | insect,animal bug
ğŸ•¸,spider web | spider | web,animal bug
ğŸ•¹,joystick | game | video | videogame,game
ğŸ•º,man dancing | dance | dancer | dancing,person activity
ğŸ–‡,linked paperclips | link | linked | paperclip,office
ğŸ–Š,pen | ballpoint,writing
ğŸ–‹,fountain pen | fountain | pen,writing
ğŸ–Œ,paintbrush | painting,writing
ğŸ–,crayon,writing
ğŸ–,hand with fingers splayed | finger | fingers | hand,hand fingers open
ğŸ–•,middle finger | finger | hand | middle,hand single finger
ğŸ––,vulcan salute | finger | hand | hands,hand fingers open
ğŸ–¤,black heart | black | evil | heart,heart
ğŸ–¥,desktop computer | computer | desktop | monitor,computer
ğŸ–¨,printer | computer,computer
ğŸ–±,computer mouse | computer | mouse,computer
ğŸ–²,trackball | computer,computer
ğŸ–¼,framed picture | art | frame | framed,arts and crafts
ğŸ—‚,card index dividers | card | dividers | index,office
ğŸ—ƒ,card file box | box | card | file,office
ğŸ—„,file cabinet | cabinet | file | filing,office
ğŸ—‘,wastebasket | can | garbage | trash,office
ğŸ—’,spiral notepad | note | notepad | pad,office
ğŸ—“,spiral calendar | calendar | pad | spiral,office
ğŸ—œ,clamp | compress | tool | vice,tool
ğŸ—,old key | clue | key | lock,lock
ğŸ—,rolled-up newspaper | news | newspaper | paper,book paper
ğŸ—¡,dagger | knife | weapon,tool
ğŸ—£,speaking head | face | head | silhouette,person symbol
ğŸ—¨,left speech bubble | balloon | bubble | dialog,emotion
ğŸ—¯,right anger bubble | anger | angry | balloon,emotion
ğŸ—³,ballot box with ballot | ballot | box,mail
ğŸ—º,world map | map | world,place map
ğŸ—»,mount fuji | fuji | mount | mountain,place geographic
ğŸ—¼,tokyo tower | tokyo | tower,place building
ğŸ—½,statue of liberty | liberty | new | ny,place building
ğŸ—¾,map of japan | japan | map,place map
ğŸ—¿,moai | face | moyai | statue,objects
ğŸ¤Œ,pinched fingers | fingers | gesture | hand,hand fingers partial
ğŸ¤,white heart | heart | white,heart
ğŸ¤,brown heart | brown | heart,heart
ğŸ¤,pinching hand | amount | bit | fingers,hand fingers partial
ğŸ¤,zipper-mouth | face | keep | mouth,face neutral skeptical
ğŸ¤‘,money-mouth | face | money | mouth,face tongue
ğŸ¤’,face with thermometer | face | ill | sick,face unwell
ğŸ¤“,nerd | brainy | clever | expert,face glasses
ğŸ¤”,thinking | chin | consider | face,face hand
ğŸ¤•,face with head-bandage | bandage | face | head-bandage,face unwell
ğŸ¤–,robot | face | monster,face costume
ğŸ¤—,smiling face with open hands | face | hands | hug,face hand
ğŸ¤˜,sign of the horns | finger | hand | horns,hand fingers partial
ğŸ¤™,call me hand | call | hand | hang,hand fingers partial
ğŸ¤š,raised back of hand | back | backhand | hand,hand fingers open
ğŸ¤›,left-facing fist | fist | left-facing | leftwards,hand fingers closed
ğŸ¤œ,right-facing fist | fist | right-facing | rightwards,hand fingers closed
ğŸ¤,handshake | agreement | deal | hand,hands
ğŸ¤,crossed fingers | cross | crossed | finger,hand fingers partial
ğŸ¤Ÿ,love-you gesture | fingers | gesture | hand,hand fingers partial
ğŸ¤ ,cowboy hat | cowboy | cowgirl | face,face hat
ğŸ¤¡,clown | face,face costume
ğŸ¤¢,nauseated | face | gross | nasty,face unwell
ğŸ¤£,rolling on the floor laughing | crying | face | floor,face smiling
ğŸ¤¤,drooling | face,face sleepy
ğŸ¤¥,lying | face | liar | lie,face neutral skeptical
ğŸ¤¦,person facepalming | again | bewilder | disbelief,person gesture
ğŸ¤¦â€â™€,woman facepalming | again | bewilder | disbelief,person gesture
ğŸ¤¦â€â™‚,man facepalming | again | bewilder | disbelief,person gesture
ğŸ¤§,sneezing | face | fever | flu,face unwell
ğŸ¤¨,face with raised eyebrow | disapproval | disbelief | distrust,face neutral skeptical
ğŸ¤©,star-struck | excited | eyes | face,face affection
ğŸ¤ª,zany | crazy | eye | eyes,face tongue
ğŸ¤«,shushing | face | quiet | shh,face hand
ğŸ¤¬,face with symbols on mouth | censor | cursing | cussing,face negative
ğŸ¤­,face with hand over mouth | face | giggle | giggling,face hand
ğŸ¤®,face vomiting | barf | ew | face,face unwell
ğŸ¤¯,exploding head | blown | explode | exploding,face unwell
ğŸ¤°,pregnant woman | pregnant | woman,person role
ğŸ¤±,breast-feeding | baby | breast | feeding,person role
ğŸ¤²,palms up together | cupped | dua | hands,hands
ğŸ¤³,selfie | camera | phone,hand prop
ğŸ¤´,prince | crown | fairy | fairytale,person role
ğŸ¤µ,person in tuxedo | formal | tuxedo | wedding,person role
ğŸ¤µâ€â™€,woman in tuxedo | formal | tuxedo | wedding,person role
ğŸ¤µâ€â™‚,man in tuxedo | formal | groom | man,person role
ğŸ¤¶,celebration | christmas | claus | fairy,person fantasy
ğŸ¤·,person shrugging | doubt | dunno | guess,person gesture
ğŸ¤·â€â™€,woman shrugging | doubt | dunno | guess,person gesture
ğŸ¤·â€â™‚,man shrugging | doubt | dunno | guess,person gesture
ğŸ¤¸,person cartwheeling | active | cartwheel | cartwheeling,person sport
ğŸ¤¸â€â™€,woman cartwheeling | active | cartwheel | cartwheeling,person sport
ğŸ¤¸â€â™‚,man cartwheeling | active | cartwheel | cartwheeling,person sport
ğŸ¤¹,person juggling | act | balance | balancing,person sport
ğŸ¤¹â€â™€,woman juggling | act | balance | balancing,person sport
ğŸ¤¹â€â™‚,man juggling | act | balance | balancing,person sport
ğŸ¤º,person fencing | fencer | fencing | sword,person sport
ğŸ¤¼,people wrestling | combat | duel | grapple,person sport
ğŸ¤¼â€â™€,women wrestling | combat | duel | grapple,person sport
ğŸ¤¼â€â™‚,men wrestling | combat | duel | grapple,person sport
ğŸ¤½,person playing water polo | playing | polo | sport,person sport
ğŸ¤½â€â™€,woman playing water polo | playing | polo | sport,person sport
ğŸ¤½â€â™‚,man playing water polo | man | playing | polo,person sport
ğŸ¤¾,person playing handball | athletics | ball | catch,person sport
ğŸ¤¾â€â™€,woman playing handball | athletics | ball | catch,person sport
ğŸ¤¾â€â™‚,man playing handball | athletics | ball | catch,person sport
ğŸ¤¿,diving mask | diving | mask | scuba,sport
ğŸ¥€,wilted flower | dying | flower | wilted,plant flower
ğŸ¥,drum | drumsticks | music,musical instrument
ğŸ¥‚,clinking glasses | celebrate | clink | clinking,drink
ğŸ¥ƒ,tumbler glass | glass | liquor | scotch,drink
ğŸ¥„,spoon | eat | tableware,dishware
ğŸ¥…,goal net | goal | net,sport
ğŸ¥‡,1st place medal | 1st | first | gold,award medal
ğŸ¥ˆ,2nd place medal | 2nd | medal | place,award medal
ğŸ¥‰,3rd place medal | 3rd | bronze | medal,award medal
ğŸ¥Š,boxing glove | boxing | glove,sport
ğŸ¥‹,martial arts uniform | arts | judo | karate,sport
ğŸ¥Œ,curling stone | curling | game | rock,sport
ğŸ¥,lacrosse | ball | goal | sports,sport
ğŸ¥,softball | ball | glove | sports,sport
ğŸ¥,flying disc | disc | flying | ultimate,sport
ğŸ¥,croissant | bread | breakfast | crescent,food prepared
ğŸ¥‘,avocado | food | fruit,food vegetable
ğŸ¥’,cucumber | food | pickle | vegetable,food vegetable
ğŸ¥“,bacon | breakfast | food | meat,food prepared
ğŸ¥”,potato | food | vegetable,food vegetable
ğŸ¥•,carrot | food | vegetable,food vegetable
ğŸ¥–,baguette bread | baguette | bread | food,food prepared
ğŸ¥—,green salad | food | green | salad,food prepared
ğŸ¥˜,shallow pan of food | casserole | food | paella,food prepared
ğŸ¥™,stuffed flatbread | falafel | flatbread | food,food prepared
ğŸ¥š,egg | breakfast | food,food prepared
ğŸ¥›,glass of milk | drink | glass | milk,drink
ğŸ¥œ,peanuts | food | nut | peanut,food vegetable
ğŸ¥,kiwi fruit | food | fruit | kiwi,food fruit
ğŸ¥,pancakes | breakfast | food | hotcake,food prepared
ğŸ¥Ÿ,dumpling | empanada | jiaozi | pierogi,food asian
ğŸ¥ ,fortune cookie | cookie | fortune | prophecy,food asian
ğŸ¥¡,takeout box | box | chopsticks | delivery,food asian
ğŸ¥¢,chopsticks | hashi | jeotgarak | kuaizi,dishware
ğŸ¥£,bowl with spoon | bowl | breakfast | cereal,food prepared
ğŸ¥¤,cup with straw | cup | drink | juice,drink
ğŸ¥¥,coconut | colada | palm,food fruit
ğŸ¥¦,broccoli | cabbage | wild,food vegetable
ğŸ¥§,pie | apple | filling | fruit,food sweet
ğŸ¥¨,pretzel | convoluted | twisted,food prepared
ğŸ¥©,cut of meat | chop | cut | lambchop,food prepared
ğŸ¥ª,sandwich | bread,food prepared
ğŸ¥«,canned food | can | canned | food,food prepared
ğŸ¥¬,leafy green | bok | burgers | cabbage,food vegetable
ğŸ¥­,mango | food | fruit | tropical,food fruit
ğŸ¥®,moon cake | autumn | cake | festival,food asian
ğŸ¥¯,bagel | bakery | bread | breakfast,food prepared
ğŸ¥°,smiling face with hearts | three | adore | crush,face affection
ğŸ¥±,yawning | bedtime | bored | face,face concerned
ğŸ¥²,smiling face with tear | face | glad | grateful,face affection
ğŸ¥³,partying | bday | birthday | celebrate,face hat
ğŸ¥´,woozy | dizzy | drunk | eyes,face unwell
ğŸ¥µ,hot | dying | face | feverish,face unwell
ğŸ¥¶,cold | blue | blue-faced | face,face unwell
ğŸ¥·,ninja | assassin | fight | fighter,person role
ğŸ¥¸,disguised | disguise | eyebrow | face,face hat
ğŸ¥¹,face holding back tears | admiration | aww | back,face concerned
ğŸ¥º,pleading | begging | big | eyes,face concerned
ğŸ¥»,sari | clothing | dress,clothing
ğŸ¥¼,lab coat | clothes | coat | doctor,clothing
ğŸ¥½,goggles | dive | eye | protection,clothing
ğŸ¥¾,hiking boot | backpacking | boot | brown,clothing
ğŸ¥¿,flat shoe | ballet | comfy | flat,clothing
ğŸ¦€,crab | cancer | zodiac,animal marine
ğŸ¦,lion | alpha | animal | face,animal mammal
ğŸ¦‚,scorpion | scorpio | scorpius | zodiac,animal bug
ğŸ¦ƒ,turkey | bird | gobble | thanksgiving,animal bird
ğŸ¦„,unicorn | face,animal mammal
ğŸ¦…,eagle | animal | bird | ornithology,animal bird
ğŸ¦†,duck | animal | bird | ornithology,animal bird
ğŸ¦‡,bat | animal | vampire,animal mammal
ğŸ¦ˆ,shark | animal | fish,animal marine
ğŸ¦‰,owl | animal | bird | ornithology,animal bird
ğŸ¦Š,fox | animal | face,animal mammal
ğŸ¦‹,butterfly | insect | pretty,animal bug
ğŸ¦Œ,deer | animal,animal mammal
ğŸ¦,gorilla | animal,animal mammal
ğŸ¦,lizard | animal | reptile,animal reptile
ğŸ¦,rhinoceros | animal,animal mammal
ğŸ¦,shrimp | food | shellfish | small,animal marine
ğŸ¦‘,squid | animal | food | mollusk,animal marine
ğŸ¦’,giraffe | animal | spots,animal mammal
ğŸ¦“,zebra | animal | stripe,animal mammal
ğŸ¦”,hedgehog | animal | spiny,animal mammal
ğŸ¦•,sauropod | brachiosaurus | brontosaurus | dinosaur,animal reptile
ğŸ¦–,t-rex | dinosaur | rex | tyrannosaurus,animal reptile
ğŸ¦—,cricket | animal | bug | grasshopper,animal bug
ğŸ¦˜,kangaroo | animal | joey | jump,animal mammal
ğŸ¦™,llama | alpaca | animal | guanaco,animal mammal
ğŸ¦š,peacock | animal | bird | colorful,animal bird
ğŸ¦›,hippopotamus | animal | hippo,animal mammal
ğŸ¦œ,parrot | animal | bird | ornithology,animal bird
ğŸ¦,raccoon | animal | curious | sly,animal mammal
ğŸ¦,lobster | animal | bisque | claws,animal marine
ğŸ¦Ÿ,mosquito | bite | disease | fever,animal bug
ğŸ¦ ,microbe | amoeba | bacteria | science,animal bug
ğŸ¦¡,badger | animal | honey | pester,animal mammal
ğŸ¦¢,swan | animal | bird | cygnet,animal bird
ğŸ¦£,mammoth | animal | extinction | large,animal mammal
ğŸ¦¤,dodo | animal | bird | extinction,animal bird
ğŸ¦¥,sloth | lazy | slow,animal mammal
ğŸ¦¦,otter | animal | fishing | playful,animal mammal
ğŸ¦§,orangutan | animal | ape | monkey,animal mammal
ğŸ¦¨,skunk | animal | stink,animal mammal
ğŸ¦©,flamingo | animal | bird | flamboyant,animal bird
ğŸ¦ª,oyster | diving | pearl,animal marine
ğŸ¦«,beaver | animal | dam | teeth,animal mammal
ğŸ¦¬,bison | animal | buffalo | herd,animal mammal
ğŸ¦­,seal | animal | lion | ocean,animal marine
ğŸ¦®,guide dog | accessibility | animal | blind,animal mammal
ğŸ¦¯,white cane | accessibility | blind | cane,tool
ğŸ¦´,bone | bones | dog | skeleton,body parts
ğŸ¦µ,leg | bent | foot | kick,body parts
ğŸ¦¶,foot | ankle | feet | kick,body parts
ğŸ¦·,tooth | dentist | pearly | teeth,body parts
ğŸ¦¸,superhero | good | hero | superpower,person fantasy
ğŸ¦¸â€â™€,woman superhero | good | hero | heroine,person fantasy
ğŸ¦¸â€â™‚,man superhero | good | hero | man,person fantasy
ğŸ¦¹,supervillain | bad | criminal | evil,person fantasy
ğŸ¦¹â€â™€,woman supervillain | bad | criminal | evil,person fantasy
ğŸ¦¹â€â™‚,man supervillain | bad | criminal | evil,person fantasy
ğŸ¦º,safety vest | emergency | safety | vest,clothing
ğŸ¦»,ear with hearing aid | accessibility | aid | ear,body parts
ğŸ¦¼,motorized wheelchair | accessibility | motorized | wheelchair,transport ground
ğŸ¦½,manual wheelchair | accessibility | manual | wheelchair,transport ground
ğŸ¦¾,mechanical arm | accessibility | arm | mechanical,body parts
ğŸ¦¿,mechanical leg | accessibility | leg | mechanical,body parts
ğŸ§€,cheese wedge | cheese | wedge,food prepared
ğŸ§,cupcake | bakery | dessert | sprinkles,food sweet
ğŸ§‚,salt | condiment | flavor | mad,food prepared
ğŸ§ƒ,beverage box | beverage | box | juice,drink
ğŸ§„,garlic | flavoring,food vegetable
ğŸ§…,onion | flavoring,food vegetable
ğŸ§†,falafel | chickpea | meatball,food prepared
ğŸ§‡,waffle | breakfast | indecisive | iron,food prepared
ğŸ§ˆ,butter | dairy,food prepared
ğŸ§‰,mate | drink,drink
ğŸ§Š,ice | cold | cube | iceberg,drink
ğŸ§‹,bubble tea | boba | bubble | food,drink
ğŸ§Œ,troll | fairy | fantasy | monster,person fantasy
ğŸ§,person standing | stand | standing,person activity
ğŸ§â€â™€,woman standing | stand | standing | woman,person activity
ğŸ§â€â™‚,man standing | man | stand | standing,person activity
ğŸ§,person kneeling | kneel | kneeling | knees,person activity
ğŸ§â€â™€,woman kneeling | kneel | kneeling | knees,person activity
ğŸ§â€â™€â€â¡,facing | kneel | kneeling | knees,person activity
ğŸ§â€â™‚,man kneeling | kneel | kneeling | knees,person activity
ğŸ§â€â™‚â€â¡,facing | kneel | kneeling | knees,person activity
ğŸ§â€â¡,facing | kneel | kneeling | knees,person activity
ğŸ§,deaf person | accessibility | deaf | ear,person gesture
ğŸ§â€â™€,deaf woman | accessibility | deaf | ear,person gesture
ğŸ§â€â™‚,deaf man | accessibility | deaf | ear,person gesture
ğŸ§,face with monocle | classy | face | fancy,face glasses
ğŸ§‘,adult,person
ğŸ§‘â€âš•,health worker | doctor | health | healthcare,person role
ğŸ§‘â€âš–,judge | justice | law | scales,person role
ğŸ§‘â€âœˆ,pilot | plane,person role
ğŸ§‘â€ğŸŒ¾,farmer | gardener | rancher,person role
ğŸ§‘â€ğŸ³,cook | chef,person role
ğŸ§‘â€ğŸ¼,person feeding baby | baby | feed | feeding,person role
ğŸ§‘â€ğŸ„,mx claus | celebration | christmas | claus,person fantasy
ğŸ§‘â€ğŸ“,student | graduate,person role
ğŸ§‘â€ğŸ¤,singer | actor | entertainer | rock,person role
ğŸ§‘â€ğŸ¨,artist | palette,person role
ğŸ§‘â€ğŸ«,teacher | instructor | lecturer | professor,person role
ğŸ§‘â€ğŸ­,factory worker | assembly | factory | industrial,person role
ğŸ§‘â€ğŸ’»,technologist | coder | computer | developer,person role
ğŸ§‘â€ğŸ’¼,office worker | architect | business | manager,person role
ğŸ§‘â€ğŸ”§,mechanic | electrician | plumber | tradesperson,person role
ğŸ§‘â€ğŸ”¬,scientist | biologist | chemist | engineer,person role
ğŸ§‘â€ğŸ¤â€ğŸ§‘,people holding hands | bae | bestie | bff,family
ğŸ§‘â€ğŸ¦¯,person with white cane | accessibility | blind | cane,person activity
ğŸ§‘â€ğŸ¦¯â€â¡,accessibility | blind | cane | facing,person activity
ğŸ§‘â€ğŸ¦°,adult | red hair,person
ğŸ§‘â€ğŸ¦±,adult | curly hair,person
ğŸ§‘â€ğŸ¦²,adult | bald,person
ğŸ§‘â€ğŸ¦³,adult | white hair,person
ğŸ§‘â€ğŸ¦¼,person in motorized wheelchair | accessibility | motorized | wheelchair,person activity
ğŸ§‘â€ğŸ¦¼â€â¡,accessibility | facing | motorized | right,person activity
ğŸ§‘â€ğŸ¦½,person in manual wheelchair | accessibility | manual | wheelchair,person activity
ğŸ§‘â€ğŸ¦½â€â¡,accessibility | facing | manual | right,person activity
ğŸ§‘â€ğŸ§‘â€ğŸ§’,adult | child | family,person symbol
ğŸ§‘â€ğŸ§‘â€ğŸ§’â€ğŸ§’,adult | child | family,person symbol
ğŸ§‘â€ğŸ§’,adult | child | family,person symbol
ğŸ§‘â€ğŸ§’â€ğŸ§’,adult | child | family,person symbol
ğŸ§‘â€ğŸ©°,ballet dancer | ballet | dancer,person activity
ğŸ§‘â€ğŸš€,astronaut | rocket | space,person role
ğŸ§‘â€ğŸš’,firefighter | fire | firetruck,person role
ğŸ§’,child | bright-eyed | grandchild | kid,person
ğŸ§“,older person | adult | elderly | grandparent,person
ğŸ§”,beard | bearded | whiskers,person
ğŸ§”â€â™€,beard | bearded | whiskers | woman,person
ğŸ§”â€â™‚,beard | bearded | man | whiskers,person
ğŸ§•,woman with headscarf | bandana | head | headscarf,person role
ğŸ§–,person in steamy room | day | luxurious | pamper,person activity
ğŸ§–â€â™€,woman in steamy room | day | luxurious | pamper,person activity
ğŸ§–â€â™‚,man in steamy room | day | luxurious | man,person activity
ğŸ§—,person climbing | climb | climber | climbing,person activity
ğŸ§—â€â™€,woman climbing | climb | climber | climbing,person activity
ğŸ§—â€â™‚,man climbing | climb | climber | climbing,person activity
ğŸ§˜,person in lotus position | cross | legged | legs,person resting
ğŸ§˜â€â™€,woman in lotus position | cross | legged | legs,person resting
ğŸ§˜â€â™‚,man in lotus position | cross | legged | legs,person resting
ğŸ§™,mage | fantasy | magic | play,person fantasy
ğŸ§™â€â™€,woman mage | fantasy | mage | magic,person fantasy
ğŸ§™â€â™‚,man mage | fantasy | mage | magic,person fantasy
ğŸ§š,fairy | fairytale | fantasy | myth,person fantasy
ğŸ§šâ€â™€,woman fairy | fairy | fairytale | fantasy,person fantasy
ğŸ§šâ€â™‚,man fairy | fairy | fairytale | fantasy,person fantasy
ğŸ§›,vampire | blood | dracula | fangs,person fantasy
ğŸ§›â€â™€,woman vampire | blood | fangs | halloween,person fantasy
ğŸ§›â€â™‚,man vampire | blood | fangs | halloween,person fantasy
ğŸ§œ,merperson | creature | fairytale | folklore,person fantasy
ğŸ§œâ€â™€,mermaid | creature | fairytale | folklore,person fantasy
ğŸ§œâ€â™‚,merman | creature | fairytale | folklore,person fantasy
ğŸ§,elf | elves | enchantment | fantasy,person fantasy
ğŸ§â€â™€,woman elf | elf | elves | enchantment,person fantasy
ğŸ§â€â™‚,man elf | elf | elves | enchantment,person fantasy
ğŸ§,genie | djinn | fantasy | jinn,person fantasy
ğŸ§â€â™€,woman genie | djinn | fantasy | genie,person fantasy
ğŸ§â€â™‚,man genie | djinn | fantasy | genie,person fantasy
ğŸ§Ÿ,zombie | apocalypse | dead | halloween,person fantasy
ğŸ§Ÿâ€â™€,woman zombie | apocalypse | dead | halloween,person fantasy
ğŸ§Ÿâ€â™‚,man zombie | apocalypse | dead | halloween,person fantasy
ğŸ§ ,brain | intelligent | smart,body parts
ğŸ§¡,orange heart | heart | orange,heart
ğŸ§¢,billed cap | baseball | bent | billed,clothing
ğŸ§£,scarf | bundle | cold | neck,clothing
ğŸ§¤,gloves | hand,clothing
ğŸ§¥,coat | brr | bundle | cold,clothing
ğŸ§¦,socks | stocking,clothing
ğŸ§§,red envelope | envelope | gift | good,event
ğŸ§¨,firecracker | dynamite | explosive | fire,event
ğŸ§©,puzzle piece | clue | interlocking | jigsaw,game
ğŸ§ª,test tube | chemist | chemistry | experiment,science
ğŸ§«,petri dish | bacteria | biologist | biology,science
ğŸ§¬,dna | biologist | evolution | gene,science
ğŸ§­,compass | direction | magnetic | navigation,place map
ğŸ§®,abacus | calculation | calculator,computer
ğŸ§¯,fire extinguisher | extinguish | extinguisher | fire,household
ğŸ§°,toolbox | box | chest | mechanic,tool
ğŸ§±,brick | bricks | clay | mortar,place building
ğŸ§²,magnet | attraction | horseshoe | magnetic,tool
ğŸ§³,luggage | bag | packing | roller,hotel
ğŸ§´,lotion bottle | bottle | lotion | moisturizer,household
ğŸ§µ,thread | needle | sewing | spool,arts and crafts
ğŸ§¶,yarn | ball | crochet | knit,arts and crafts
ğŸ§·,safety pin | diaper | pin | punk,household
ğŸ§¸,teddy bear | bear | plaything | plush,game
ğŸ§¹,broom | cleaning | sweeping | witch,household
ğŸ§º,basket | farming | laundry | picnic,household
ğŸ§»,roll of paper | paper | roll | toilet,household
ğŸ§¼,soap | bar | bathing | clean,household
ğŸ§½,sponge | absorbing | cleaning | porous,household
ğŸ§¾,receipt | accounting | bookkeeping | evidence,money
ğŸ§¿,nazar amulet | amulet | bead | blue,objects
ğŸ©°,ballet shoes | ballet | dance | shoes,clothing
ğŸ©±,one-piece swimsuit | bathing | one-piece | suit,clothing
ğŸ©²,briefs | bathing | one-piece | suit,clothing
ğŸ©³,shorts | bathing | pants | suit,clothing
ğŸ©´,thong sandal | beach | flip | flop,clothing
ğŸ©µ,light blue heart | blue | cute | cyan,heart
ğŸ©¶,grey heart | emotion | gray | grey,heart
ğŸ©·,pink heart | adorable | cute | emotion,heart
ğŸ©¸,drop of blood | bleed | blood | donation,medical
ğŸ©¹,adhesive bandage | adhesive | bandage,medical
ğŸ©º,stethoscope | doctor | heart | medicine,medical
ğŸ©»,x-ray | bones | doctor | medical,medical
ğŸ©¼,crutch | aid | cane | disability,medical
ğŸª€,yo-yo | fluctuate | toy,game
ğŸª,kite | fly | soar,game
ğŸª‚,parachute | hang-glide | parasail | skydive,transport air
ğŸªƒ,boomerang | rebound | repercussion | weapon,tool
ğŸª„,magic wand | magic | magician | wand,game
ğŸª…,candy | celebrate | celebration | cinco,game
ğŸª†,nesting dolls | babooshka | baboushka | babushka,game
ğŸª‡,maracas | cha | dance | instrument,musical instrument
ğŸªˆ,flute | band | fife | flautist,musical instrument
ğŸª‰,harp | cupid | instrument | love,musical instrument
ğŸªŠ,trombone | brass | instrument | jazz,musical instrument
ğŸª,treasure chest | gem | gold | jewels,money
ğŸª,shovel | bury | dig | garden,tool
ğŸª,ringed planet | planet | ringed | saturn,sky and weather
ğŸª‘,chair | seat | sit,household
ğŸª’,razor | sharp | shave,household
ğŸª“,axe | ax | chop | hatchet,tool
ğŸª”,diya lamp | diya | lamp | light,light and video
ğŸª•,banjo | music | stringed,musical instrument
ğŸª–,military helmet | army | helmet | military,clothing
ğŸª—,accordion | box | concertina | instrument,musical instrument
ğŸª˜,long drum | beat | conga | drum,musical instrument
ğŸª™,coin | dollar | euro | gold,money
ğŸªš,carpentry saw | carpenter | carpentry | cut,tool
ğŸª›,screwdriver | flathead | handy | screw,tool
ğŸªœ,ladder | climb | rung | step,tool
ğŸª,hook | catch | crook | curve,tool
ğŸª,mirror | makeup | reflection | reflector,household
ğŸªŸ,window | air | frame | fresh,household
ğŸª ,plunger | cup | force | plumber,household
ğŸª¡,sewing needle | embroidery | needle | sew,arts and crafts
ğŸª¢,knot | cord | rope | tangled,arts and crafts
ğŸª£,bucket | cask | pail | vat,household
ğŸª¤,mouse trap | bait | cheese | lure,household
ğŸª¥,toothbrush | bathroom | brush | clean,household
ğŸª¦,headstone | cemetery | dead | grave,objects
ğŸª§,placard | card | demonstration | notice,objects
ğŸª¨,rock | boulder | heavy | solid,place building
ğŸª©,mirror ball | ball | dance | disco,game
ğŸªª,identification card | card | credentials | document,objects
ğŸª«,low battery | battery | drained | electronic,computer
ğŸª¬,hamsa | amulet | fatima | fortune,objects
ğŸª­,folding hand fan | clack | clap | cool,clothing
ğŸª®,hair pick | afro | comb | groom,clothing
ğŸª¯,khanda | deg | fateh | khalsa,religion
ğŸª°,fly | animal | disease | insect,animal bug
ğŸª±,worm | animal | annelid | earthworm,animal bug
ğŸª²,beetle | animal | bug | insect,animal bug
ğŸª³,cockroach | animal | insect | pest,animal bug
ğŸª´,potted plant | decor | grow | house,plant other
ğŸªµ,wood | log | lumber | timber,place building
ğŸª¶,feather | bird | flight | light,animal bird
ğŸª·,lotus | beauty | buddhism | calm,plant flower
ğŸª¸,coral | change | climate | ocean,animal marine
ğŸª¹,empty nest | branch | empty | home,plant other
ğŸªº,nest with eggs | bird | branch | egg,plant other
ğŸª»,hyacinth | bloom | bluebonnet | flower,plant flower
ğŸª¼,jellyfish | animal | aquarium | burn,animal marine
ğŸª½,wing | angelic | ascend | aviation,animal bird
ğŸª¾,leafless tree | bare | barren | branches,plant other
ğŸª¿,goose | animal | bird | duck,animal bird
ğŸ«€,anatomical heart | anatomical | beat | cardiology,body parts
ğŸ«,lungs | breath | breathe | exhalation,body parts
ğŸ«‚,people hugging | comfort | embrace | farewell,person symbol
ğŸ«ƒ,pregnant man | belly | bloated | full,person role
ğŸ«„,pregnant person | belly | bloated | full,person role
ğŸ«…,person with crown | crown | monarch | noble,person role
ğŸ«†,fingerprint | clue | crime | detective,person symbol
ğŸ«ˆ,hairy creature | bigfoot | cryptid | forest,person fantasy
ğŸ«,orca | marine | ocean | whale,animal marine
ğŸ«,moose | alces | animal | antlers,animal mammal
ğŸ«,donkey | animal | ass | burro,animal mammal
ğŸ«,blueberries | berries | berry | bilberry,food fruit
ğŸ«‘,bell pepper | bell | capsicum | food,food vegetable
ğŸ«’,olive | food,food fruit
ğŸ«“,flatbread | arepa | bread | food,food prepared
ğŸ«”,tamale | food | mexican | pamonha,food prepared
ğŸ«•,fondue | cheese | chocolate | food,food prepared
ğŸ«–,teapot | brew | drink | food,drink
ğŸ«—,pouring liquid | accident | drink | empty,drink
ğŸ«˜,beans | food | kidney | legume,food vegetable
ğŸ«™,jar | condiment | container | empty,dishware
ğŸ«š,ginger root | beer | ginger | health,food vegetable
ğŸ«›,pea pod | beans | beanstalk | edamame,food vegetable
ğŸ«œ,root vegetable | beet | food | garden,food vegetable
ğŸ«Ÿ,splatter | drip | holi | ink,symbols
ğŸ« ,melting | disappear | dissolve | embarrassed,face smiling
ğŸ«¡,saluting | face | good | luck,face hand
ğŸ«¢,face with open eyes and hand over mouth | amazement | awe | disbelief,face hand
ğŸ«£,face with peeking eye | captivated | embarrass | eye,face hand
ğŸ«¤,face with diagonal mouth | confused | confusion | diagonal,face concerned
ğŸ«¥,dotted line | depressed | disappear | dotted,face neutral skeptical
ğŸ«¦,biting lip | anxious | bite | biting,body parts
ğŸ«§,bubbles | bubble | burp | clean,household
ğŸ«¨,shaking | crazy | daze | earthquake,face neutral skeptical
ğŸ«©,face with bags under eyes | bags | bored | exhausted,face sleepy
ğŸ«ª,distorted | anxiety | bloated | panic,face concerned
ğŸ«¯,fight cloud | argument | brawl | debate,emotion
ğŸ«°,hand with index finger and thumb crossed | crossed | expensive | finger,hand fingers partial
ğŸ«±,rightwards hand | hand | handshake | hold,hand fingers open
ğŸ«²,leftwards hand | hand | handshake | hold,hand fingers open
ğŸ«³,palm down hand | dismiss | down | drop,hand fingers open
ğŸ«´,palm up hand | beckon | catch | come,hand fingers open
ğŸ«µ,index pointing at the viewer | at | finger | hand,hand single finger
ğŸ«¶,heart hands | hands | heart | love,hands
ğŸ«·,leftwards pushing hand | block | five | halt,hand fingers open
ğŸ«¸,rightwards pushing hand | block | five | halt,hand fingers open
ğŸ˜€,grinning | cheerful | cheery | face,face smiling
ğŸ˜,beaming face with smiling eyes | beaming | eye | eyes,face smiling
ğŸ˜‚,face with tears of joy | crying | face | feels,face smiling
ğŸ˜ƒ,grinning face with big eyes | awesome | big | eyes,face smiling
ğŸ˜„,grinning face with smiling eyes | eye | eyes | face,face smiling
ğŸ˜…,grinning face with sweat | cold | dejected | excited,face smiling
ğŸ˜†,grinning squinting | closed | eyes | face,face smiling
ğŸ˜‡,smiling face with halo | angel | angelic | angels,face smiling
ğŸ˜ˆ,smiling face with horns | demon | devil | evil,face negative
ğŸ˜‰,winking | face | flirt | heartbreaker,face smiling
ğŸ˜Š,smiling face with smiling eyes | blush | eye | eyes,face smiling
ğŸ˜‹,face savoring food | delicious | eat | face,face tongue
ğŸ˜Œ,relieved | calm | face | peace,face sleepy
ğŸ˜,smiling face with heart-eyes | bae | eye | face,face affection
ğŸ˜,smiling face with sunglasses | awesome | beach | bright,face glasses
ğŸ˜,smirking | boss | dapper | face,face neutral skeptical
ğŸ˜,neutral | awkward | blank | deadpan,face neutral skeptical
ğŸ˜‘,expressionless | awkward | dead | face,face neutral skeptical
ğŸ˜’,unamused | bored | face | fine,face neutral skeptical
ğŸ˜“,downcast face with sweat | close | cold | downcast,face concerned
ğŸ˜”,pensive | awful | bored | dejected,face sleepy
ğŸ˜•,confused | befuddled | confusing | dunno,face concerned
ğŸ˜–,confounded | annoyed | confused | cringe,face concerned
ğŸ˜—,kissing | date | dating | face,face affection
ğŸ˜˜,face blowing a kiss | adorbs | bae | blowing,face affection
ğŸ˜™,kissing face with smiling eyes | closed | date | dating,face affection
ğŸ˜š,kissing face with closed eyes | bae | blush | closed,face affection
ğŸ˜›,face with tongue | awesome | cool | face,face tongue
ğŸ˜œ,winking face with tongue | crazy | epic | eye,face tongue
ğŸ˜,squinting face with tongue | closed | eye | eyes,face tongue
ğŸ˜,disappointed | awful | blame | dejected,face concerned
ğŸ˜Ÿ,worried | anxious | butterflies | face,face concerned
ğŸ˜ ,angry | anger | blame | face,face negative
ğŸ˜¡,enraged | anger | angry | face,face negative
ğŸ˜¢,crying | awful | cry | face,face concerned
ğŸ˜£,persevering | concentrate | concentration | face,face concerned
ğŸ˜¤,face with steam from nose | anger | angry | face,face negative
ğŸ˜¥,sad but relieved | anxious | call | close,face concerned
ğŸ˜¦,frowning face with open mouth | caught | face | frown,face concerned
ğŸ˜§,anguished | face | forgot | scared,face concerned
ğŸ˜¨,fearful | afraid | anxious | blame,face concerned
ğŸ˜©,weary | crying | face | fail,face concerned
ğŸ˜ª,sleepy | crying | face | good,face sleepy
ğŸ˜«,tired | cost | face | feels,face concerned
ğŸ˜¬,grimacing | awk | awkward | dentist,face neutral skeptical
ğŸ˜­,loudly crying | bawling | cry | crying,face concerned
ğŸ˜®,face with open mouth | believe | face | forgot,face concerned
ğŸ˜®â€ğŸ’¨,face exhaling | blow | blowing | exhale,face neutral skeptical
ğŸ˜¯,hushed | epic | face | omg,face concerned
ğŸ˜°,anxious face with sweat | anxious | blue | cold,face concerned
ğŸ˜±,face screaming in fear | epic | face | fear,face concerned
ğŸ˜²,astonished | cost | face | no,face concerned
ğŸ˜³,flushed | amazed | awkward | crazy,face concerned
ğŸ˜´,sleeping | bed | bedtime | face,face sleepy
ğŸ˜µ,face with crossed-out eyes | crossed-out | dead | dizzy,face unwell
ğŸ˜µâ€ğŸ’«,face with spiral eyes | confused | dizzy | eyes,face unwell
ğŸ˜¶,face without mouth | awkward | blank | expressionless,face neutral skeptical
ğŸ˜¶â€ğŸŒ«,face in clouds | absentminded | clouds | face,face neutral skeptical
ğŸ˜·,face with medical mask | cold | dentist | dermatologist,face unwell
ğŸ˜¸,grinning cat with smiling eyes | animal | cat | eye,cat face
ğŸ˜¹,cat with tears of joy | animal | cat | face,cat face
ğŸ˜º,grinning cat | animal | cat | face,cat face
ğŸ˜»,smiling cat with heart-eyes | animal | cat | eye,cat face
ğŸ˜¼,cat with wry smile | animal | cat | face,cat face
ğŸ˜½,kissing cat | animal | cat | closed,cat face
ğŸ˜¾,pouting cat | animal | cat | face,cat face
ğŸ˜¿,crying cat | animal | cat | cry,cat face
ğŸ™€,weary cat | animal | cat | face,cat face
ğŸ™,slightly frowning | face | frown | frowning,face concerned
ğŸ™‚,slightly smiling | face | happy | slightly,face smiling
ğŸ™‚â€â†”,head shaking horizontally | head | horizontally | no,face neutral skeptical
ğŸ™‚â€â†•,head shaking vertically | head | nod | shaking,face neutral skeptical
ğŸ™ƒ,upside-down | face | hehe | smile,face smiling
ğŸ™„,face with rolling eyes | eyeroll | eyes | face,face neutral skeptical
ğŸ™…,person gesturing no | forbidden | gesture | hand,person gesture
ğŸ™…â€â™€,woman gesturing no | forbidden | gesture | hand,person gesture
ğŸ™…â€â™‚,man gesturing no | forbidden | gesture | hand,person gesture
ğŸ™†,person gesturing ok | exercise | gesture | gesturing,person gesture
ğŸ™†â€â™€,woman gesturing ok | exercise | gesture | gesturing,person gesture
ğŸ™†â€â™‚,man gesturing ok | exercise | gesture | gesturing,person gesture
ğŸ™‡,person bowing | apology | ask | beg,person gesture
ğŸ™‡â€â™€,woman bowing | apology | ask | beg,person gesture
ğŸ™‡â€â™‚,man bowing | apology | ask | beg,person gesture
ğŸ™ˆ,see-no-evil monkey | embarrassed | evil | face,monkey face
ğŸ™‰,hear-no-evil monkey | animal | ears | evil,monkey face
ğŸ™Š,speak-no-evil monkey | animal | evil | face,monkey face
ğŸ™‹,person raising hand | gesture | hand | here,person gesture
ğŸ™‹â€â™€,woman raising hand | gesture | hand | here,person gesture
ğŸ™‹â€â™‚,man raising hand | gesture | hand | here,person gesture
ğŸ™Œ,raising hands | celebration | gesture | hand,hands
ğŸ™,person frowning | annoyed | disappointed | disgruntled,person gesture
ğŸ™â€â™€,woman frowning | annoyed | disappointed | disgruntled,person gesture
ğŸ™â€â™‚,man frowning | annoyed | disappointed | disgruntled,person gesture
ğŸ™,person pouting | disappointed | downtrodden | frown,person gesture
ğŸ™â€â™€,woman pouting | disappointed | downtrodden | frown,person gesture
ğŸ™â€â™‚,man pouting | disappointed | downtrodden | frown,person gesture
ğŸ™,folded hands | appreciate | ask | beg,hands
ğŸš€,rocket | launch | rockets | space,transport air
ğŸš,helicopter | copter | roflcopter | travel,transport air
ğŸš‚,locomotive | caboose | engine | railway,transport ground
ğŸšƒ,railway car | car | electric | railway,transport ground
ğŸš„,high-speed train | high-speed | railway | shinkansen,transport ground
ğŸš…,bullet train | bullet | high-speed | nose,transport ground
ğŸš†,train | arrived | choo | railway,transport ground
ğŸš‡,metro | subway | travel,transport ground
ğŸšˆ,light rail | arrived | light | monorail,transport ground
ğŸš‰,station | railway | train,transport ground
ğŸšŠ,tram | trolleybus,transport ground
ğŸš‹,tram car | bus | car | tram,transport ground
ğŸšŒ,bus | school | vehicle,transport ground
ğŸš,oncoming bus | bus | cars | oncoming,transport ground
ğŸš,trolleybus | bus | tram | trolley,transport ground
ğŸš,bus stop | bus | busstop | stop,transport ground
ğŸš,minibus | bus | drive | van,transport ground
ğŸš‘,ambulance | emergency | vehicle,transport ground
ğŸš’,fire engine | engine | fire | truck,transport ground
ğŸš“,police car | car | cops | patrol,transport ground
ğŸš”,oncoming police car | car | oncoming | police,transport ground
ğŸš•,taxi | cab | cabbie | car,transport ground
ğŸš–,oncoming taxi | cab | cabbie | cars,transport ground
ğŸš—,automobile | car | driving | vehicle,transport ground
ğŸš˜,oncoming automobile | automobile | car | cars,transport ground
ğŸš™,sport utility vehicle | car | drive | recreational,transport ground
ğŸšš,delivery truck | car | delivery | drive,transport ground
ğŸš›,articulated lorry | articulated | car | drive,transport ground
ğŸšœ,tractor | vehicle,transport ground
ğŸš,monorail | vehicle,transport ground
ğŸš,mountain railway | car | mountain | railway,transport ground
ğŸšŸ,suspension railway | railway | suspension,transport air
ğŸš ,mountain cableway | cable | cableway | gondola,transport air
ğŸš¡,aerial tramway | aerial | cable | car,transport air
ğŸš¢,ship | boat | passenger | travel,transport water
ğŸš£,person rowing boat | boat | canoe | cruise,person sport
ğŸš£â€â™€,woman rowing boat | boat | canoe | cruise,person sport
ğŸš£â€â™‚,man rowing boat | boat | canoe | cruise,person sport
ğŸš¤,speedboat | billionaire | boat | lake,transport water
ğŸš¥,horizontal traffic light | horizontal | intersection | light,transport ground
ğŸš¦,vertical traffic light | drove | intersection | light,transport ground
ğŸš§,construction | barrier,transport ground
ğŸš¨,police car light | alarm | alert | beacon,transport ground
ğŸš©,triangular flag | construction | golf | post,flag
ğŸšª,door | back | closet | front,household
ğŸš«,prohibited | entry | forbidden | no,warning
ğŸš¬,cigarette | smoking,objects
ğŸš­,no smoking | forbidden | no | not,warning
ğŸš®,litter in bin sign | bin | litter | litterbin,transport sign
ğŸš¯,no littering | forbidden | litter | littering,warning
ğŸš°,potable water | drinking | potable | water,transport sign
ğŸš±,non-potable water | dry | non-drinking | non-potable,warning
ğŸš²,bicycle | bike | class | cycle,transport ground
ğŸš³,no bicycles | bicycle | bicycles | bike,warning
ğŸš´,person biking | bicycle | bicyclist | bike,person sport
ğŸš´â€â™€,woman biking | bicycle | bicyclist | bike,person sport
ğŸš´â€â™‚,man biking | bicycle | bicyclist | bike,person sport
ğŸšµ,person mountain biking | bicycle | bicyclist | bike,person sport
ğŸšµâ€â™€,woman mountain biking | bicycle | bicyclist | bike,person sport
ğŸšµâ€â™‚,man mountain biking | bicycle | bicyclist | bike,person sport
ğŸš¶,person walking | amble | gait | hike,person activity
ğŸš¶â€â™€,woman walking | amble | gait | hike,person activity
ğŸš¶â€â™€â€â¡,amble | facing | gait | hike,person activity
ğŸš¶â€â™‚,man walking | amble | gait | hike,person activity
ğŸš¶â€â™‚â€â¡,amble | facing | gait | hike,person activity
ğŸš¶â€â¡,amble | facing | gait | hike,person activity
ğŸš·,no pedestrians | forbidden | no | not,warning
ğŸš¸,children crossing | child | children | crossing,warning
ğŸš¹,bathroom | lavatory | man | restroom,transport sign
ğŸšº,bathroom | lavatory | restroom | room,transport sign
ğŸš»,restroom | bathroom | lavatory | toilet,transport sign
ğŸš¼,baby symbol | baby | changing,transport sign
ğŸš½,toilet | bathroom,household
ğŸš¾,water closet | bathroom | closet | lavatory,transport sign
ğŸš¿,shower | water,household
ğŸ›€,person taking bath | bath | bathtub | taking,person resting
ğŸ›,bathtub | bath,household
ğŸ›‚,passport control | control | passport,transport sign
ğŸ›ƒ,customs | packing,transport sign
ğŸ›„,baggage claim | arrived | baggage | bags,transport sign
ğŸ›…,left luggage | baggage | case | left,transport sign
ğŸ›‹,couch and lamp | couch | hotel | lamp,household
ğŸ›Œ,person in bed | bed | bedtime | good,person resting
ğŸ›,shopping bags | bag | bags | hotel,clothing
ğŸ›,bellhop bell | bell | bellhop | hotel,hotel
ğŸ›,bed | hotel | sleep,household
ğŸ›,place of worship | place | pray | religion,religion
ğŸ›‘,stop sign | octagonal | sign | stop,transport ground
ğŸ›’,shopping cart | cart | shopping | trolley,household
ğŸ›•,hindu temple | hindu | temple,place religious
ğŸ›–,hut | home | house | roundhouse,place building
ğŸ›—,elevator | accessibility | hoist | lift,household
ğŸ›˜,landslide | avalanche | danger | disaster,place geographic
ğŸ›œ,wireless | broadband | computer | connectivity,av symbol
ğŸ›,playground slide | amusement | park | play,place other
ğŸ›,wheel | car | circle | tire,transport ground
ğŸ›Ÿ,ring buoy | buoy | float | life,transport water
ğŸ› ,hammer and wrench | hammer | spanner | tool,tool
ğŸ›¡,shield | weapon,tool
ğŸ›¢,oil drum | drum | oil,transport ground
ğŸ›£,motorway | highway | road,transport ground
ğŸ›¤,railway track | railway | track | train,transport ground
ğŸ›¥,motor boat | boat | motor | motorboat,transport water
ğŸ›©,small airplane | aeroplane | airplane | plane,transport air
ğŸ›«,airplane departure | aeroplane | airplane | check-in,transport air
ğŸ›¬,airplane arrival | aeroplane | airplane | arrival,transport air
ğŸ›°,satellite | space,transport air
ğŸ›³,passenger ship | passenger | ship,transport water
ğŸ›´,kick scooter | kick | scooter,transport ground
ğŸ›µ,motor scooter | motor | scooter,transport ground
ğŸ›¶,canoe | boat,transport water
ğŸ›·,sled | luge | sledge | sleigh,sport
ğŸ›¸,flying saucer | aliens | extra | flying,transport air
ğŸ›¹,skateboard | board | skate | skater,transport ground
ğŸ›º,auto rickshaw | auto | rickshaw | tuk,transport ground
ğŸ›»,pickup truck | automobile | car | flatbed,transport ground
ğŸ›¼,roller skate | blades | roller | skate,transport ground
ğŸŸ ,orange circle | circle | orange,geometric
ğŸŸ¡,yellow circle | circle | yellow,geometric
ğŸŸ¢,green circle | circle | green,geometric
ğŸŸ£,purple circle | circle | purple,geometric
ğŸŸ¤,brown circle | brown | circle,geometric
ğŸŸ¥,red square | card | penalty | red,geometric
ğŸŸ¦,blue square | blue | square,geometric
ğŸŸ§,orange square | orange | square,geometric
ğŸŸ¨,yellow square | card | penalty | square,geometric
ğŸŸ©,green square | green | square,geometric
ğŸŸª,purple square | purple | square,geometric
ğŸŸ«,brown square | brown | square,geometric
ğŸŸ°,heavy equals sign | answer | equal | equality,math
0âƒ£,zero,keycap
1âƒ£,one,keycap
2âƒ£,two,keycap
3âƒ£,three,keycap
4âƒ£,four,keycap
5âƒ£,five,keycap
6âƒ£,six,keycap
7âƒ£,seven,keycap
8âƒ£,eight,keycap
9âƒ£,nine,keycap
ğŸ…°,blood,alphanum
ğŸ†,ab | blood,alphanum
ğŸ…±,blood,alphanum
ğŸ†‘,cl button | cl,alphanum
ğŸ†’,cool button | cool,alphanum
ğŸ†“,free button | free,alphanum
â„¹,information,alphanum
ğŸ†”,id button | id | identity,alphanum
â“‚,circled m | circle | circled,alphanum
ğŸ†•,new button | new,alphanum
ğŸ†–,ng button | ng,alphanum
ğŸ…¾,blood,alphanum
ğŸ†—,ok button | ok | okay,alphanum
ğŸ…¿,p button | parking,alphanum
ğŸ†˜,sos button | help | sos,alphanum
â„¢,trade mark | mark | tm | trade,symbols
ğŸ†™,mark | up,alphanum
ğŸ†š,vs button | versus | vs,alphanum
ğŸˆ,here | japanese | katakana,alphanum
ğŸˆ‚,charge | japanese | katakana | service,alphanum
ğŸˆ¹,discount | ideograph | japanese,alphanum
ğŸ‰‘,acceptable | ideograph | japanese,alphanum
ğŸˆ´,grade | ideograph | japanese | passing,alphanum
ğŸˆº,business | ideograph | japanese | open,alphanum
ğŸ‰,bargain | ideograph | japanese,alphanum
ğŸˆ¯,ideograph | japanese | reserved,alphanum
ğŸˆ·,amount | ideograph | japanese | monthly,alphanum
ğŸˆ¶,charge | free | ideograph | japanese,alphanum
ğŸˆµ,ideograph | japanese | no | vacancy,alphanum
ğŸˆš,charge | free | ideograph | japanese,alphanum
ğŸˆ¸,application | ideograph | japanese,alphanum
ãŠ—,congratulations | ideograph | japanese,alphanum
ğŸˆ²,ideograph | japanese | prohibited,alphanum
ãŠ™,ideograph | japanese | secret,alphanum
ğŸˆ³,ideograph | japanese | vacancy,alphanum
